103,6,5
173,10,5
221,5,5
164,11,8
67,3,3
213,6,5
1855,19,15
11,4,3
206,6,5
181,19,13
7,2,2
651,13,4
37,2,2
59,1,1
126,10,4
280,11,6
19,1,1
19,3,1
62,5,5
18,6,4
38,16,4
7,3,2
73,4,2
497,91,13
7817,234,18
6,1,1
99,13,5
288,20,6
544,72,14
138,13,7
578,75,12
164,13,12
16,6,4
720,18,9
1,2,0
82,6,3
34,13,5
31,7,3
247,9,7
508,6,5
826,87,30
13357,61,13
23,20,8
2898,112,14
261,10,2
732,11,5
3899,14,5
483,6,6
181,10,2
0,0,0
34,1,1
164,10,6
0,0,0
275,16,13
12,2,2
258,19,9
416,68,12
1830,105,9
103,5,5
191,2,2
368,19,7
18,2,2
99,9,5
49,1,1
59,24,7
1653,18,8
152,9,5
163,43,17
163,12,10
2,3,1
5,9,3
1581,38,21
25,11,6
373,27,10
105,22,7
138,7,3
210,13,7
12,10,7
180,2,2
281,13,7
164,12,9
27,1,1
69,3,3
36,13,12
7254,404,71
820,52,19
6376,157,33
161,18,10
108,5,3
26,2,1
26,7,6
5,8,1
25,4,2
51,4,3
0,1,1
2587,9,2
437,8,6
18,6,2
41,6,2
3943,59,18
680,13,4
7,13,5
65,4,4
632,19,12
2,1,1
2,3,1
10,12,2
806,5,3
148,22,8
791,27,8
5378,120,77
106,5,4
135,7,5
1,1,1
11,1,1
2,3,0
47,12,6
180,10,5
716,69,17
53,4,3
9,6,5
27,2,1
215,36,9
1590,181,23
1994,49,17
24,6,4
12,2,2
9,2,1
86,29,7
49,3,3
152,6,3
718,43,11
2450,70,15
53,31,9
10,2,1
40,3,1
4747,135,20
17,3,2
3,2,2
234,15,9
763,23,17
0,2,0
1191,87,18
275,29,7
583,75,22
23,2,1
17,1,1
1425,56,3
1,2,0
12721,811,219
15,1,0
33,9,3
5,4,3
147,19,6
149,11,5
13,6,5
6900,47,7
121,5,5
38,19,8
125,3,3
0,0,0
215,6,5
9,2,1
21,2,2
41,2,2
6,3,1
52,1,1
18,2,1
113,3,3
182,4,2
15,2,1
98,5,3
37,4,2
22,1,1
3523,99,28
29,2,1
17,11,7
45,8,5
157,7,5
27,5,4
238,38,9
107,11,6
10,2,1
2682,104,33
762,14,4
0,0,0
81,15,8
0,1,0
154,4,1
33269,646,0
77,18,13
21,1,1
417,12,9
395,12,3
1,2,0
43,3,3
27,1,1
76,5,2
879,16,11
406,38,21
14,2,2
1091,32,16
978,2,1
639,22,6
2,1,0
11,4,2
193,15,6
1646,36,5
2,2,1
138,23,15
1219,16,4
44,11,5
439,38,20
50,3,2
50,3,3
726,11,4
283,5,4
93,25,14
30,3,3
2028,15,4
4069,151,11
907,175,25
530,30,10
7,6,4
257,29,13
501,10,7
51,1,1
90,5,4
83,14,11
57,8,5
18,9,4
272,9,6
151,2,2
37,4,3
414,17,15
512,13,7
272,17,6
423,3,3
286,15,7
42,5,5
60,2,1
5,3,1
6,1,1
854,22,10
6777,174,25
863,3,2
42,3,1
48,21,12
409,16,8
195,8,6
1455,20,11
78,17,7
572,27,10
8,8,1
8,17,3
16,11,7
5950,28,14
7,4,3
3481,45,18
11,9,3
807,62,7
172,1,1
4,6,5
219,16,6
28,3,3
34,6,5
100,12,5
785,88,16
32,5,2
183,13,6
82,9,8
9,9,6
109,10,7
477,8,4
84,3,3
32,12,9
4975,157,50
170,31,10
16172,329,54
50,7,4
6236,143,24
61,14,7
40,11,8
292,11,4
0,0,0
185,16,10
26277,2397,62
52,3,3
31,29,10
10384,479,16
75,3,2
5,2,1
6,4,0
13,1,1
129,2,2
783,76,22
203,13,11
4,2,1
24,2,2
196,69,18
13783,65,16
49,3,2
3,5,2
66,21,6
287,21,16
2845,24,10
20,2,2
13,1,1
7,5,4
157,4,3
151,13,7
2,3,3
1697,144,14
106,14,10
51,3,1
4,10,3
270,72,13
111,8,6
225,3,2
210,12,7
78,7,3
5,6,1
5,11,4
146,17,8
0,0,0
1148,93,27
69,1,1
5,3,2
2010,190,43
1,2,2
11,1,1
8,1,1
4969,98,15
4463,20,12
3,2,1
3250,185,55
14,2,1
10,4,3
508,11,8
74,11,8
21,8,3
84,10,7
1189,14,8
40,4,3
615,31,12
300,35,9
28,4,3
1205,56,39
56,14,9
1206,24,16
54,9,5
22,5,1
452,20,10
49,12,6
305,28,7
23,4,3
4250,25,18
30,4,2
3966,31,14
77,7,6
3,3,3
183,4,4
1352,88,23
63,6,5
7,2,2
1348,25,6
0,1,0
39,1,1
206,1,1
1499,26,20
46,7,5
3,7,4
121,20,9
597,23,17
5,4,2
262,30,15
112,37,21
64,3,2
3996,13,9
186,6,6
3,3,2
12396,308,18
2297,7,2
6,2,2
4,3,3
56,5,5
10783,5,3
59,9,4
996,62,22
60,4,4
19,3,2
298,11,9
85,1,1
67,13,4
1,3,1
0,0,0
25,2,1
32,4,3
114,8,4
74,4,2
18,8,2
3453,34,4
50,1,1
982,20,10
74,2,2
1307,39,10
179,12,7
51,17,8
15,3,3
480,3,3
9,5,1
17,2,2
85,5,3
448,26,12
2,4,1
40,2,1
66,7,4
109,3,3
23,12,3
36,7,4
68,3,2
35,21,10
23,5,5
0,0,0
40,11,5
3,3,1
149,17,13
72,3,1
219,4,3
7,1,1
382,8,8
7,2,1
52,12,9
56,3,3
17,5,3
2,3,2
394,20,8
642,11,6
13,3,2
182,10,8
1,2,1
15,6,4
56,3,2
17,15,9
205,3,1
865,4,3
127,5,3
169,3,2
1372,19,7
485,48,9
13,6,2
148,3,3
189,9,5
14,3,2
0,0,0
4689,304,65
83,4,4
305,23,13
116,17,10
89,32,6
4890,5,3
6,4,0
210,8,6
10,2,1
91,2,2
260,8,4
14,6,3
1305,135,30
95,3,2
4,1,1
0,0,0
854,8,4
39,4,3
18,2,2
25,1,1
191,17,9
1131,45,22
350,4,2
1601,11,7
240,26,14
74,13,9
54,9,5
16,6,5
800,56,20
580,73,25
60,6,4
427,20,10
2413,121,23
163,13,9
283,27,15
646,24,13
211,1,1
47,9,4
39,3,1
136,16,13
56,8,5
0,1,0
10274,440,49
1047,94,10
9504,120,60
0,0,0
56,6,5
10,7,5
3803,52,15
278,14,7
22,5,2
223,27,13
436,14,7
141,5,2
199,4,3
6,2,2
111,8,4
67,13,4
0,0,0
20,2,2
2604,6,2
14,10,5
143,41,20
745,10,9
1017,204,34
504,2,1
250,14,7
5597,68,9
0,0,0
16,8,5
3998,42,17
292,7,6
1074,34,15
50,6,3
0,1,0
7,10,5
298,23,10
76,8,8
17,4,2
23,7,1
64,12,4
225,18,4
4295,222,14
810,91,29
191,21,13
534,13,10
218,34,11
5,3,2
27,5,3
170,31,16
2,1,1
57,14,6
2,6,3
416,10,5
2,2,0
31,1,1
93,3,2
363,19,10
344,21,14
409,49,18
35,9,5
1184,13,7
234,8,6
79,7,4
13,7,6
265,4,4
250,8,6
984,38,21
130,11,7
0,0,0
36,20,13
212,7,5
20,14,6
10,4,2
86,17,9
15,6,4
11,1,1
1859,20,11
4,4,3
1218,6,3
19,2,2
561,14,5
58,2,2
3,1,1
81,6,3
918,17,11
19,3,2
35,8,6
43,11,7
1792,163,8
1786,40,20
138,4,2
2472,159,54
110,2,2
400,48,26
1588,170,25
0,0,0
163,28,5
244,30,11
5,1,1
1225,152,26
353,8,8
850,2,1
0,0,0
49,14,6
85,10,8
25,3,3
1829,17,12
3604,406,147
18,3,3
15,7,6
5,3,3
6,9,3
97,14,14
151,5,4
581,13,9
9492,28,2
6,3,2
3,4,2
2,3,2
9,4,1
3,6,3
25,3,2
262,7,5
5,4,3
172,13,7
13,4,1
42,9,7
1444,41,8
5421,78,17
34,4,4
144,2,2
40,2,1
41,11,9
49,3,2
0,0,0
136,8,6
774,11,11
56,5,2
15,1,1
20,1,1
3,6,1
2485,25,9
2,4,0
40,8,6
244,8,5
13,10,3
216,21,4
36,11,8
47,5,4
313,28,7
1,2,1
232,1,1
467,46,10
31,7,6
89,10,4
92,9,7
560,4,1
303,9,3
35,13,9
64,40,14
3,2,2
234,50,16
73,5,5
3524,192,45
163,38,11
1293,7,3
3,2,2
36,6,6
213,3,2
109,14,9
2285,20,18
20,5,2
367,3,3
95,3,3
6,3,3
98,4,3
10,1,1
987,18,10
689,99,20
114,11,7
2197,232,68
6759,139,14
108,1,1
193,21,10
30,10,6
9,10,6
0,1,0
10,3,1
55,4,3
608,6,3
992,17,11
9,4,3
14,6,3
102,5,5
165,20,6
9,4,2
94,1,1
17,3,2
1683,21,14
20,2,1
49,2,1
452,39,22
82,3,2
31,5,3
207,18,7
142,6,4
580,14,9
127,9,4
104,6,6
331,18,11
413,11,5
504,30,12
22,16,8
36,4,2
4145,40,31
559,18,14
3,3,1
18,5,2
14,18,11
94,19,11
574,60,16
119,8,8
136,1,1
7,9,5
184,5,3
971,8,4
5628,38,4
24,4,3
1,2,2
6,13,2
120,4,3
64,2,1
83,2,1
1472,194,29
9,12,2
30,14,13
145,12,4
2,2,2
1578,58,6
54,6,2
0,1,0
53,10,3
69,3,1
74,12,7
36,5,3
26,1,1
1,1,1
87708,1142,129
16,1,1
1018,381,39
143,11,10
57,7,4
204,12,7
3077,4,2
184,23,5
544,23,11
15,10,6
13649,10,1
115,17,6
2345,73,26
1,1,0
796,130,23
1756,127,24
6639,207,47
22,13,9
86,8,3
6139,133,31
502,69,10
93,3,2
122,7,6
413,11,4
15481,286,13
13,2,2
107,11,3
124,19,9
2,3,0
0,0,0
298,34,28
328,41,9
243,19,12
637,62,11
26,5,2
1195,38,24
24,3,2
74,11,8
693,20,5
460,13,10
30,11,4
5,5,3
2645,255,37
0,2,0
120,4,4
21894,5338,490
689,22,8
162,11,6
26,2,1
1355,129,32
14,9,3
13,4,2
76,9,4
7,1,1
0,1,0
0,1,0
9,13,5
2,3,2
20,1,1
82,4,2
202,7,4
4,2,1
589,10,3
1090,26,13
91,9,4
2883,12,10
236,17,10
76,1,1
183,25,5
0,0,0
258,5,4
24974,127,10
1319,54,11
0,0,0
184,6,5
9,2,2
1,1,1
43,7,6
30,5,4
0,0,0
1529,12,2
2,2,1
249,12,8
1020,39,22
14,5,2
23,2,1
39,8,6
623,59,6
175,15,6
28,4,2
706,14,14
157,11,4
47,7,3
0,1,0
312,18,9
195,6,1
68,7,5
728,24,14
2692,151,43
96,20,6
1808,13,5
466,8,6
276,6,2
22,5,4
1173,43,10
25,4,1
1252,15,4
28,12,5
610,70,19
30,8,3
259,22,12
8,2,1
2525,12,5
7,2,1
16,8,3
89,6,4
149,18,5
397,42,5
20,3,2
0,0,0
15,14,10
173,25,10
1105,4,2
7300,209,32
15,6,3
169,12,7
605,22,9
29,2,2
2631,75,12
10,3,3
1,1,1
34,6,4
3851,538,72
414,44,14
0,0,0
3,5,3
84,5,4
315,11,4
138,5,5
145,4,3
1,2,2
12,5,2
0,1,0
51,6,6
388,18,13
407,9,6
110,3,3
2991,20,13
4092,70,12
0,0,0
95,9,7
240,5,1
9,5,1
45,4,3
14,2,2
17,6,4
283,18,10
175,4,4
94,8,4
25664,84,8
504,26,18
374,12,9
2,2,1
1152,148,20
10,2,2
38,8,5
2763,38,25
46,1,1
497,25,5
2219,360,72
447,12,8
24,19,6
11,3,3
16,16,11
3971,96,18
117,5,4
668,15,9
756,23,7
455,37,10
334,9,4
26,5,4
223,2,1
5,3,2
249,3,3
369,7,5
4254,140,31
594,13,7
2622,8,2
1,5,1
23,7,4
9,1,1
676,11,4
233,9,6
495,61,11
29,2,2
256,43,12
41852,232,20
71,8,4
22,10,7
122,14,7
116,37,14
762,13,9
29,4,4
1281,6,2
74,11,8
529,11,7
1038,6,2
1,1,0
1901,110,28
34,5,3
0,1,0
537,64,31
347,24,12
21080,1273,148
25,2,2
7,1,1
28,5,4
254,17,9
44,3,3
63,32,12
443,2,1
0,0,0
160,22,10
50,4,4
4190,111,48
7,3,1
3,3,0
179,8,4
469,5,1
0,1,1
13087,1208,141
14,6,2
0,1,0
6952,910,100
366,6,1
5,1,1
17,2,1
937,46,14
362,12,7
170,13,10
200,10,7
2,5,0
203,17,4
155,4,2
22,8,8
12960,249,27
59,9,5
4,1,1
1,1,0
7,1,1
0,0,0
1596,4,3
41,20,8
77,3,2
778,58,14
44,4,3
2330,54,21
19,3,2
1124,78,19
457,5,1
51,1,1
47,7,7
11,3,1
629,53,39
6,5,3
37,3,3
87,1,1
3,4,3
0,2,2
46,7,4
2516,208,26
9,3,1
381,46,27
721,57,18
1839,72,17
193,70,7
171,4,3
765,6,3
276,20,7
9,9,8
296,53,20
0,2,0
960,47,15
2052,52,10
83,17,7
3956,21,12
5,7,3
18,4,4
66,1,1
2881,68,30
5,6,4
15,5,1
2,2,1
14,6,1
93,3,3
168,17,9
1178,25,7
1257,209,56
17,2,2
206,7,2
2671,23,12
2471,244,36
8,5,3
19,7,2
154,29,13
228,21,9
320,4,4
4289,129,15
18,14,11
47,1,1
0,0,0
5270,362,14
1,3,3
5452,534,99
4809,42,17
873,6,4
66,5,2
1101,9,7
212,12,9
626,52,12
747,69,13
829,88,25
150,35,12
730,35,14
3,2,0
11,1,1
59,4,3
215,12,6
204,8,5
228,26,14
39,6,5
28,2,2
294,16,7
1,1,1
3,2,2
4,2,2
549,43,7
20,4,2
82,5,2
4499,38,14
5,6,4
22,11,6
1024,5,2
93,3,2
395,8,7
108,17,8
0,3,2
977,34,17
3180,48,29
519,26,6
2,3,3
1678,74,19
51,3,3
412,10,5
4,2,1
28,10,5
5,5,1
52,7,6
356,5,2
24,12,4
258,15,7
896,23,11
102,3,2
216,36,18
8,7,5
444,28,14
1508,15,8
232,17,7
73,10,9
293,45,21
11,10,6
960,10,7
0,2,0
19,4,4
35,3,3
7,4,2
156,24,8
3,5,1
185,27,12
21576,326,94
427,14,9
71,2,2
1,1,1
64,6,4
282,26,12
1421,16,11
231,7,3
138,2,1
8,1,1
702,56,12
18,5,3
1,1,0
6,3,1
288,12,8
0,0,0
0,0,0
9,4,2
43,5,3
16,2,1
163,5,3
5,8,5
10,1,1
88,10,7
1,2,1
10,5,3
1008,80,8
374,25,10
1203,17,9
5558,5,1
43,2,2
73,9,3
1609,91,4
180,12,8
193,36,12
9,4,1
801,36,16
31,3,1
47,4,3
0,1,0
46228,4807,393
10,1,1
72,2,2
64,2,2
403,21,10
8,10,4
52,14,10
555,36,10
2385,71,10
2914,129,18
23,15,1
18,2,1
430,21,16
363,18,12
1,5,2
2433,85,6
19,4,4
528,80,22
17,1,1
1109,16,11
70,10,4
233,7,4
281,7,7
178,4,3
704,31,17
121,8,8
3197,36,5
3,3,0
23,3,3
10,1,1
140,16,7
26,7,3
173,2,2
148,8,6
102,21,12
16876,123,14
11,8,4
4,1,1
1262,46,34
312,6,3
11034,135,85
25073,41,34
64,4,2
146,4,2
839,32,10
162,11,4
364,11,5
9,2,2
118,33,19
189,6,5
1,2,1
172,13,6
250,6,4
601,56,9
87,9,4
25,6,1
49,6,4
11,8,5
47,9,7
686,15,6
1758,79,12
10,2,2
75,16,6
1458,29,10
344,21,5
7,8,3
42,5,3
188,12,5
13,2,2
4,3,1
23,18,8
796,77,13
124,4,4
59,2,2
13,1,1
22717,866,65
26,8,3
94,8,3
722,74,18
73,6,4
16,3,1
6035,11,2
111,6,6
127,12,7
15,2,2
9887,24,1
13,1,1
137,10,6
263,30,22
10611,645,36
1,4,1
20,7,5
1509,33,8
6,5,3
6675,237,28
421,57,19
1406,45,15
32,2,1
3164,170,30
1275,47,14
5977,9,3
257,13,9
755,8,6
305,8,7
4,6,3
45,1,1
183,30,6
67,4,4
176,5,5
60,6,2
4,3,2
280,8,5
2045,16,6
3,2,2
106,2,2
21,3,1
33,12,7
347,5,2
516,102,16
190,9,4
1085,6,5
210,17,7
5,2,1
5,2,2
438,75,18
56,15,11
12,4,2
20,2,1
390,74,26
69,6,3
2275,52,13
45,3,3
1409,40,28
91,33,17
1,1,1
229,8,5
1,1,1
1,2,0
306,7,7
7371,210,57
1179,10,4
6693,408,50
19,9,6
2142,99,18
80,4,3
629,32,13
476,45,18
203,4,2
3,1,1
178,9,6
46,3,3
138,34,24
1,3,2
42,2,2
2871,211,25
287,9,6
130,5,2
235,7,6
39,3,3
79,4,4
125,5,5
8606,795,72
0,0,0
14,7,3
2768,7,1
121,9,4
2124,86,15
63,1,1
34,3,2
113,2,2
327,4,3
10,2,1
0,0,0
5,1,1
5,1,1
8,1,1
187,23,5
103,14,7
1062,13,3
3,3,1
724,24,7
14,4,3
1315,20,9
225,4,3
1587,95,18
84,32,5
1495,2,1
4,3,2
612,22,11
4414,11,5
38,10,2
31,6,4
15,1,1
30,4,2
2,3,0
1075,9,2
5,8,5
22,2,2
55,2,1
134,1,1
141,3,3
327,13,2
8,4,2
2993,638,160
16,5,2
3,3,2
756,54,30
67,9,8
31,2,2
7822,327,44
2,3,0
72,5,3
542,51,16
330,7,3
66,18,10
0,0,0
22,20,10
1488,178,23
18,2,2
11,1,1
5,2,1
1067,44,13
216,17,5
45,4,3
410,10,9
2,5,3
36,17,3
148,4,4
3980,23,15
128,3,3
231,11,7
28,3,2
993,37,22
25,12,8
641,38,14
91,5,2
871,56,7
347,7,3
199,7,3
4,1,1
16,11,8
0,0,0
871,17,4
75,38,11
52,2,2
364,28,10
13,2,1
75,10,4
233,13,6
686,18,6
3,2,1
183,4,4
46,24,5
2,4,0
4227,166,15
12,3,2
2316,91,27
13,4,1
9,2,1
16,5,2
132,4,4
35,12,7
8836,181,10
5377,56,11
44,9,4
5,2,1
4598,32,9
1463,25,8
5957,64,11
1263,111,44
2,2,1
4,1,1
24,1,1
676,32,12
10,4,3
9,1,1
8,3,2
116,9,7
247,17,8
151,9,5
2565,45,23
27,1,1
118,5,3
749,33,9
49,13,4
5,3,0
48,7,3
8,2,1
391,46,19
1367,14,7
1303,9,7
536,13,8
585,5,4
52,10,5
4142,513,45
14,2,1
6525,12,1
4,3,1
217,4,2
102,10,4
8,3,2
316,17,5
68,4,2
62,2,1
12590,329,115
1446,90,18
5,9,3
54,12,7
4,5,3
9,1,1
681,29,12
20,2,1
623,40,9
83,2,2
26,4,4
21,12,6
80,3,2
0,0,0
31,1,1
1021,35,11
0,3,2
23,5,5
17,2,2
11,4,1
30,6,5
50,2,2
3,7,5
12,3,1
0,2,0
32,10,7
26,5,4
11,2,1
1,1,0
403,29,10
15559,11,1
12,1,1
1227,9,7
2540,24,3
25009,928,172
3,4,2
60,5,5
0,1,0
1475,19,7
0,0,0
152,40,12
138,8,6
2417,110,11
2758,40,6
30,10,5
7513,161,19
10695,173,22
5342,778,100
11,1,1
1165,111,47
50,4,3
11535,123,20
0,0,0
29,5,4
0,1,0
39,2,1
421,34,12
191,14,8
6289,88,12
49,1,1
9,7,2
38,1,1
183,12,10
374,7,3
318,17,11
365,34,9
221,5,5
0,0,0
15,5,4
61,4,3
771,15,5
44,8,3
11,2,1
7,1,1
265,5,2
1884,39,19
95,6,4
1301,172,30
184,16,5
377,9,7
5,2,2
4849,62,43
998,194,45
14,6,5
6,5,2
15,1,1
25,3,3
221,26,9
0,1,1
386,19,6
1060,17,17
368,5,3
21,2,1
2,2,1
87,3,2
0,0,0
1613,147,21
4,3,2
356,4,1
72,18,16
25,6,4
390,22,20
371,12,2
435,21,15
612,40,7
72,13,6
1513,28,18
439,64,13
22,3,3
241,4,2
856,23,6
171,16,7
191,1,1
1677,79,36
234,22,9
1129,24,5
17,2,1
13198,1095,257
140,3,2
1046,80,18
683,39,23
136,3,2
2,5,2
9,5,5
1,2,1
4,3,1
15,3,2
16,2,2
0,0,0
92,1,1
9,1,1
4,1,1
955,69,21
39,9,5
43,9,6
189,4,4
18,3,3
1416,12,7
36,2,1
10,1,1
16,3,2
4086,256,22
1324,37,16
128,7,6
1476,72,13
16,9,5
21,2,2
240,20,7
312,48,17
0,1,0
69,5,4
528,9,3
120,1,1
0,1,0
232,22,14
175,11,4
27,2,1
5,3,2
45,2,2
4323,26,18
631,5,3
1070,33,13
24,8,2
79,4,3
4,1,0
39,3,3
2870,263,65
652,11,9
4077,17,5
0,1,0
9,2,1
191,28,14
34,3,1
35,11,8
105,17,10
3187,247,36
1080,96,14
76,7,4
11,5,4
0,0,0
384,42,9
16,7,4
20,3,3
42,3,2
122,16,12
11,3,3
508,76,21
159,13,7
21,8,4
0,0,0
85,7,5
48,6,3
59,1,1
8,1,1
32,14,9
2054,129,33
2,5,3
6,2,1
210,13,9
60,1,1
104,15,4
5,5,4
4,4,3
17,12,6
34,2,1
12,3,1
2632,6,2
26,6,3
3322,70,19
0,0,0
57,7,3
819,123,15
0,0,0
257,19,12
1,2,0
258,2,1
363,9,4
248,50,13
37,3,1
26,7,2
684,12,11
128,9,5
129,7,6
50,5,3
3,1,1
1058,52,18
266,18,10
154,23,4
3,2,0
207,6,4
11529,294,10
278,8,3
59,3,3
3,3,2
1623,95,20
26,2,1
11,3,3
566,8,3
3,1,1
80,5,4
102,5,2
20,2,1
4629,25,23
44,1,1
5,3,0
218,20,3
1145,22,17
78,9,8
3361,15,2
113,9,5
29,14,7
404,14,9
6,4,3
81,28,12
1,2,2
21,1,1
3,1,1
31,4,2
3760,71,8
36,11,4
3187,4,1
2,2,0
65,5,4
2341,169,42
0,0,0
256,20,8
509,42,20
0,2,2
6,3,2
462,28,13
124,7,3
24,22,7
1615,22,20
5,3,2
77,12,5
72,6,5
311,15,14
153,9,2
1467,113,23
97,3,3
327,23,14
221,33,8
209,3,3
4,5,2
189,11,5
117,4,4
374,15,10
106,1,1
24,3,3
53,8,5
17,3,3
71,18,13
541,25,19
9808,325,16
154,39,14
3864,274,75
73,1,1
5248,346,50
379,21,6
8,1,1
1213,24,12
4,5,3
299,6,6
0,1,0
76,4,2
65,6,3
2291,366,58
4,7,4
143,4,3
1055,33,15
8,2,2
98,25,13
45,8,7
758,33,15
12,1,1
125,5,3
16,11,7
2294,21,5
1,2,0
25343,1603,133
10,2,1
749,38,8
1492,39,25
181,10,8
10,6,3
911,41,22
117,16,6
92,2,2
29,17,4
2699,172,13
216,14,9
6,1,1
188,33,12
123,3,2
0,0,0
167,9,7
20,2,1
1064,120,54
334,23,8
3,5,0
182,9,2
272,10,6
0,1,0
39,3,3
723,7,4
11,4,1
146,7,5
278,12,8
203,12,6
0,0,0
4733,29,21
20,1,1
919,9,1
44,4,2
12,1,1
828,38,25
115,7,7
186,6,5
51,4,2
45,3,3
103,8,4
61,12,6
0,1,1
728,9,5
98,10,4
648,24,13
118,25,4
423,17,7
3096,25,11
474,11,9
503,83,9
1,3,3
30,2,2
4020,119,30
10,5,2
35,1,1
885,19,3
57,3,1
0,1,1
36,8,3
8015,262,49
6,1,1
37,5,3
274,18,12
7,3,1
289,9,6
85,19,9
867,12,5
79,2,2
506,65,24
196,37,5
1486,35,12
7816,116,32
296,22,16
128,2,2
66,13,8
240,18,5
198,4,1
144,8,6
117,4,4
1181,51,20
1094,64,16
1047,5,2
1010,24,16
1,3,0
1869,87,20
0,3,0
84,7,7
2,2,2
10,1,1
9,3,3
205,28,8
60,4,2
115,16,8
666,6,2
272,21,7
387,4,1
711,58,13
985,18,9
1265,59,5
19,4,4
21,3,2
40,4,2
1528,47,6
24,4,3
23,3,2
89,4,3
999,26,20
3086,319,35
4,3,3
409,6,4
6533,40,21
401,10,6
73,15,10
310,14,6
1054,88,21
0,1,1
494,42,10
2776,106,28
73,11,5
5120,1099,259
59,1,1
47,6,4
170,8,3
204,4,2
154,4,2
1104,27,7
128,22,15
12,3,3
407,106,12
246,14,5
214,28,15
71,8,4
2559,210,20
422,14,7
791,4,1
35,17,11
52,5,3
234,23,11
1485,6,3
2150,291,25
0,3,0
5555,2,1
348,6,1
1,3,2
1433,4,2
1375,190,40
9,5,1
3695,552,334
2010,81,23
245,3,2
2048,7,6
347,1,1
9,1,1
1,1,0
215,13,6
924,8,2
71,4,2
221,2,1
1,1,0
0,0,0
2,2,1
93,5,2
114,12,6
250,6,3
296,20,7
776,17,14
3093,127,10
845,10,6
2890,390,41
45,5,1
53,1,1
247,6,4
205,14,6
2403,16,5
1291,334,63
1422,46,24
144,7,5
110,10,7
2843,94,20
31,3,2
1267,17,16
14,1,1
281,12,4
421,32,22
98,1,1
3,3,2
33,1,1
207,11,6
268,4,1
333,17,7
169,6,3
0,1,0
3534,40,35
29,7,5
38,2,2
15,3,2
9,3,2
118,6,2
10,4,3
5,3,2
4,1,1
59,9,6
81,4,2
5814,113,20
520,46,10
893,12,6
2300,26,10
128,5,4
3,6,3
74,10,4
837,17,14
110,2,2
6,1,1
2,5,1
277,12,11
0,3,0
174,25,5
91,12,6
55,3,2
12,3,2
513,10,2
123,3,3
147,13,5
9517,5,1
7,2,1
16,10,8
193,11,4
81,7,6
459,31,11
1112,5,2
89,5,5
265,23,5
345,7,3
234,7,2
9,2,2
1026,20,6
218,16,11
546,39,7
2817,169,39
276,22,14
3,2,1
151,7,4
28,4,2
1295,35,13
118,3,2
467,105,27
2807,7,1
46,16,13
703,7,6
37,3,2
1888,47,8
2852,31,14
160,36,8
1540,15,5
120,10,6
155,8,7
1411,54,22
566,22,12
9,1,1
1105,76,14
16,12,4
457,4,3
7491,138,43
1516,13,4
26,1,1
19,17,10
0,1,1
494,51,10
209,8,2
4,3,2
65,15,4
158,30,6
9,2,1
81,13,8
3773,5,2
153,14,5
43,2,2
71,5,5
13,2,2
6548,436,19
911,5,2
141,10,8
27,3,3
7,7,2
100,4,3
147,8,4
661,67,13
6,1,1
172,10,5
365,15,9
2822,97,18
515,13,8
15,5,4
35,8,5
7,2,1
15,5,2
75,2,2
3304,32,27
428,8,4
1182,41,14
74,26,13
15,1,1
678,41,15
5682,149,16
1,2,1
61184,1010,362
955,59,13
151,10,8
15,4,4
21,5,4
71,15,8
1230,71,46
27,6,3
104,7,2
3,3,3
1789,183,53
781,27,14
120,6,3
1727,108,38
0,0,0
7,2,1
27,6,3
234,25,11
1,1,1
2,4,2
73,6,3
190399,594,72
44,11,3
29,2,2
378,15,11
4928,19,13
734,7,3
12,3,2
55831,2411,1502
1,3,0
276,13,11
2,2,1
119,6,6
489,14,5
701,14,10
43,7,6
1060,41,3
166,3,2
3,2,1
4819,1241,76
21,5,4
1421,147,43
241,9,7
153,6,5
500,9,5
117,25,10
58,5,4
34,1,1
64,4,2
121,9,6
7,2,1
7,2,1
491,20,5
85,17,7
72,19,13
269,7,6
69,4,3
44,3,2
2,3,2
14,9,2
2364,434,93
525,106,13
146,9,3
359,28,10
3,4,2
134,18,11
15101,97,27
1503,33,3
13,5,3
439,3,2
3002,132,32
225,9,3
3962,360,54
204,5,5
101,19,8
271,16,10
3,2,1
0,0,0
24,3,2
1,1,1
9,9,2
21,3,3
187,46,10
23516,1444,369
1701,115,32
0,1,0
112,41,5
163,3,1
146,8,6
1,3,1
5,4,2
1,3,2
167,4,3
3237,144,27
6369,198,33
53,1,1
47,3,2
225,21,8
54,2,1
12,3,2
396,103,30
3580,99,14
346,15,10
33,2,1
9,5,2
2721,93,22
45,8,4
77,3,2
23,2,1
12,2,2
5,1,1
211,9,7
1,1,0
33679,2795,293
54,4,3
28,3,2
21,10,3
1433,47,23
36,3,2
0,0,0
0,0,0
0,2,0
17,5,2
18,5,3
355,2,1
137,18,9
208,7,5
512,28,11
3778,437,128
212,8,4
6,3,3
347,3,3
37,1,1
28,1,1
14,4,2
12,1,1
1110,12,10
183,9,4
460,40,26
13,2,1
59,1,1
30,35,14
19,2,1
7,1,1
15,12,6
1237,5,3
47,20,13
4467,31,13
2,2,1
2693,102,19
5362,347,28
44,9,7
640,35,17
882,40,12
98,9,2
198,7,3
1675,44,7
84,10,6
647,151,13
23,9,4
89,4,2
13,1,1
3385,149,31
19790,1464,128
5,3,0
9,3,2
605,48,13
623,10,7
25,6,5
182,31,17
8,12,12
714,5,3
2537,120,16
1375,42,13
100,5,1
41,1,1
22195,1795,201
6,3,2
21,5,2
118,8,5
30,14,9
46,6,3
302,25,10
1404,93,19
55,11,5
209,12,7
302,48,15
1229,127,21
230,4,3
0,1,0
46,4,2
214,11,7
19,13,8
690,13,4
1031,130,40
144,5,4
272,61,20
778,16,10
9,10,9
1073,10,1
688,49,16
1052,19,2
250,6,4
192,10,9
55,6,1
112,11,7
7,2,2
20679,353,35
7,2,2
195,11,9
902,6,4
173,19,13
262,3,1
985,61,8
332,73,16
29,4,3
12,4,2
44,12,9
45,31,12
235,22,17
128,12,4
11,1,1
2821,44,13
2555,267,65
134,6,5
12,3,2
387,4,2
11,1,1
644,15,4
637,3,2
418,3,2
313,5,4
2473,87,8
399,45,10
12394,498,139
466,76,25
18,5,1
463,21,9
454,55,35
27,5,4
178,16,8
938,16,13
15,1,1
339,48,10
16,6,2
62,8,5
4,5,1
6,6,3
8,7,2
92,1,1
250,8,2
50,5,3
52,6,4
2267,174,38
127,9,5
145,15,6
0,0,0
2144,23,15
205,20,6
14483,20,11
70,13,8
62,14,10
0,4,0
32,3,2
0,1,1
0,1,0
220,1,1
62,11,4
1161,18,4
134,17,14
0,0,0
0,1,0
211,24,10
11,4,3
23,4,3
144,8,5
187,1,1
4,4,3
9885,467,207
15704,807,87
2876,143,13
268,13,7
1022,154,29
37,4,4
642,57,16
19,8,3
118,14,6
0,0,0
116,13,10
5637,199,29
28,13,7
0,1,0
0,0,0
5,1,1
213,5,3
23,14,13
181,8,7
18,3,2
297,9,8
83,2,2
70,3,2
51,2,1
538,51,13
1088,25,17
87,8,8
0,1,1
70,10,6
52,5,3
1118,17,9
2,2,0
15,1,1
713,47,18
222,8,5
1368,118,15
0,1,0
225,29,13
16,6,4
49,13,9
517,12,7
1,2,0
99,12,10
3,2,1
999,7,4
1387,383,27
60,2,1
98,11,6
33,29,21
24,1,1
108,4,4
27,2,2
46,7,2
26,3,1
2924,18,9
2,2,2
302,4,2
759,64,21
3,4,2
807,11,10
155,8,4
2,1,1
22730,6,2
6435,264,38
0,0,0
1,2,1
1255,36,8
4314,26,16
157,9,8
2543,17,14
795,37,9
11,2,2
31,1,1
31,14,8
53,7,3
25,4,3
133,8,6
153,13,6
72,4,2
48,6,5
419,28,9
0,0,0
1582,116,18
7,6,5
2,3,1
16903,553,56
49,2,2
3,3,2
3,1,1
109,4,3
39,4,2
151,62,22
49,4,3
239,4,4
268,6,4
5,5,3
15,4,2
360,19,7
193,13,5
949,69,16
1,1,0
1,3,1
45,6,4
121,7,4
75,8,3
39,2,2
177,4,3
33,16,7
35,7,3
10,1,1
40,2,2
52,2,1
73,8,4
3,5,1
3533,76,4
20,2,1
42,6,5
29,2,1
1,3,2
47,1,1
1649,186,30
12,1,1
149,7,3
645,9,8
2210,31,15
216,17,9
137,11,6
85,14,10
1,2,0
114,17,7
124,13,9
32,2,1
45,4,2
526,19,7
237,16,5
175,59,21
27888,16,2
365,66,11
104,28,14
100,5,2
543,1,1
19,1,1
591,23,13
19,13,3
2,2,1
18,1,1
1286,17,14
251,8,8
2539,58,11
22,2,2
2814,29,21
23,2,2
70,6,5
1,1,0
503,20,11
1032,106,29
56,9,4
11,8,4
830,45,8
0,0,0
205,9,6
3,3,2
113,18,13
71,10,6
5,1,1
134,20,6
50,7,3
193,18,11
160,7,5
160,27,18
6,3,2
270,29,18
878,61,7
4,2,0
1354,322,68
8,1,1
617,46,28
4,5,1
4,3,1
64,37,14
3,5,1
5255,24,17
390,28,5
304,19,9
242,39,15
228,5,4
95,3,1
8,3,1
532,55,24
234,31,13
2,7,4
126,12,8
1177,201,24
334,18,11
997,135,15
189,12,5
976,26,14
477,3,2
55,5,4
162,22,8
419,10,5
9,7,6
12,1,1
93,18,4
570,39,14
1,2,0
16,2,2
14,3,3
454,33,17
21,6,4
197,10,7
448,3,2
109,8,6
3932,153,59
556,32,10
104,5,2
64,15,10
4,1,1
9,4,1
261,7,2
0,1,0
4,1,1
56,2,2
588,10,5
38,4,3
3,2,1
2404,23,7
0,0,0
74,2,2
7379,3,1
15105,449,50
379,35,17
106,6,6
250,9,8
427,31,6
88,9,5
0,1,1
1196,5,1
4,3,2
86,12,10
925,8,6
5,3,2
17,11,6
1,1,0
168,4,3
281,12,5
89,6,3
7,1,1
1,3,0
242,9,7
231,63,30
458,3,3
584,20,11
194,5,2
9,7,4
30,2,1
52,6,5
20,5,2
56,3,3
1055,35,8
8,15,5
107,3,3
0,0,0
75,3,1
6,3,2
10,3,2
37,11,5
3,5,1
163,6,4
1699,64,21
23,3,3
43,3,2
132,8,6
5483,433,44
357,13,7
480,15,7
136,13,6
1051,34,8
641,31,18
4,3,2
1705,133,54
3,3,2
5,1,1
0,0,0
6524,692,86
1783,17,9
21,3,2
364,15,4
124,8,6
416,34,8
2642,216,47
34,13,9
1090,54,16
61,8,4
42,30,12
0,1,0
4038,54,24
44,4,3
24,2,2
3,5,2
28,3,2
0,0,0
2572,137,19
16,13,6
411,44,37
56,2,2
149,17,16
57,10,8
218,13,9
114,4,3
1037,59,12
1,1,0
7,9,6
13,13,7
57,9,4
5,5,3
93,5,4
51,11,4
25,2,2
1,2,2
339,13,5
309,36,25
74,8,4
201,9,5
59,9,6
22,2,2
4,1,1
3,5,5
602,9,4
24,9,6
22,19,13
15,2,1
76,3,2
140,11,5
200,7,5
267,14,6
355,9,8
186,5,4
0,0,0
0,0,0
2153,44,10
26,5,3
0,0,0
35,5,2
46,5,3
156,6,3
44,2,2
836,5,2
0,1,0
10067,351,95
835,17,11
858,287,19
56,20,10
0,0,0
23,2,1
31090,606,89
10,3,1
139,7,6
1317,101,10
85,9,6
102,27,5
38812,1096,98
269,15,8
27,1,1
940,104,28
89,17,7
25,3,3
639,22,19
0,0,0
6,3,1
16291,1880,687
646,15,7
414,27,14
773,17,6
134,6,1
131,2,2
15,1,1
15,2,1
47,9,3
20,4,3
7,10,4
19,6,2
508,3,2
29562,88,19
879,40,8
51,3,3
50,9,3
0,4,0
1215,15,14
18,5,2
3534,112,25
38,8,6
1469,13,11
2760,58,18
560,55,10
3203,213,30
89,10,6
21,9,8
22,6,2
334,9,7
162,2,2
5,2,1
91,3,2
551,3,2
232,22,12
410,14,3
144,9,7
6085,469,86
91,2,2
33,8,7
1,1,0
1233,14,2
37,2,2
3316,155,9
275,35,12
420,63,25
148,7,4
477,41,15
1378,27,20
121,23,8
342,5,2
142,24,10
8476,679,55
44,2,2
1217,100,20
568,10,9
3,2,2
1716,3,3
1921,19,16
158,16,8
23629,529,66
120,22,5
311,11,7
0,1,0
44,16,13
1,1,0
30,6,2
1402,42,9
47,9,4
82,20,14
6,5,2
674,92,21
2216,72,24
206,11,8
21,6,4
148,4,3
970,12,5
23,5,2
7,14,6
1,5,0
741,83,20
24,12,5
25,8,5
848,27,18
159,8,6
5912,13,3
468,38,19
316,18,9
189,6,4
2193,48,39
239,22,8
67,6,4
320,23,6
413,86,10
0,1,1
6,1,1
962,3,3
8,1,1
5,4,1
56,17,9
349,47,12
14,9,6
172,9,7
26,4,3
297,9,7
43,6,3
462,18,15
183,39,6
28,9,5
132,6,5
390,9,5
432,11,6
375,18,14
55,2,2
126,10,6
20,8,1
4,5,4
3,1,1
292,7,5
2028,30,3
716,5,3
24,3,3
203,54,10
750,9,7
327,28,5
0,0,0
454,27,8
616,20,5
579,82,14
23,1,1
248,3,3
48,11,7
23075,486,37
90,6,5
830,37,7
59,3,3
47,8,5
3,2,1
6,1,1
12,4,2
110,4,2
337,44,12
603,21,6
16755,370,43
564,11,5
189,4,3
460,18,8
194,17,9
2594,54,22
9,3,1
207,3,1
0,0,0
37,14,1
387,25,13
572,81,29
6,2,2
1054,4,3
1,1,0
53,3,2
28,5,4
90,2,2
37,11,7
2063,173,58
1,2,1
11,3,2
34,3,3
178,9,5
254,13,8
0,0,0
58,2,2
1397,42,20
28,5,1
100,5,1
5960,80,13
1020,21,18
48,2,1
36,5,4
629,76,11
0,0,0
115,12,10
46356,371,80
11,2,1
1009,48,7
435,8,5
0,3,2
1778,37,16
1656,147,19
37,2,2
1476,81,18
1445,12,7
45,11,9
59,2,2
159,6,4
1878,11,3
1027,26,7
11605,629,246
1788,95,10
1168,72,10
155,4,3
98,7,6
0,0,0
39,5,2
14,6,2
395,8,5
32,4,1
613,33,9
1,1,0
7,7,7
43,13,5
44,12,7
665,72,27
20,9,8
119,17,5
131,3,3
164,13,3
22,3,2
149,7,4
42,8,3
108,10,8
278,6,4
82,2,2
0,1,0
47,7,3
123,7,6
1,2,0
135,15,7
347,6,2
481,11,7
1416,18,11
7,4,2
18,22,8
4,2,2
3304,14,10
1,3,2
135,12,5
1016,14,7
204,6,5
43,6,3
1352,57,16
1204,33,19
64,6,3
3527,61,16
558,12,8
28,6,3
608,50,13
155,5,4
297,27,11
158,4,3
315,16,10
2,3,2
5,2,1
231,21,16
819,22,11
43,4,4
362,12,9
389,8,5
1761,3,2
1698,288,16
4,4,2
107,14,3
48,12,7
28,1,1
69,2,2
11,1,1
170,6,5
94,1,1
811,14,9
105,3,2
11,4,2
11,1,1
94,3,2
94,2,2
5,2,2
94,4,1
10,3,1
48,4,3
302,51,12
241,10,5
20,3,3
255,53,12
1227,5,2
49,3,3
5,2,1
366,22,11
50,3,2
810,48,19
228,20,5
126,15,8
62,5,2
473,6,3
156,10,8
30,8,6
491,45,11
24,5,3
481,6,6
25,10,5
1401,16,14
510,20,5
170,10,7
0,1,0
174,8,4
11,5,3
33,2,2
135,6,4
46,4,2
14626,438,341
163,29,14
323,10,8
2199,198,45
1985,44,37
180,4,2
2979,292,56
348,12,8
2188,121,20
8,5,4
3129,146,13
66,6,4
134,8,4
60,9,9
13,1,1
91,2,2
3534,410,45
23,1,1
9,1,1
178,4,3
76,6,5
5,6,2
2,3,1
231,22,15
31,4,2
142,4,3
283,2,1
46,3,2
31,2,2
2809,82,26
960,19,15
1,1,1
29,3,2
16,2,1
102,26,6
56,5,2
212,20,8
155,4,3
393,9,3
499,12,4
22,2,1
1348,33,4
0,2,1
24,8,4
54,7,4
120,4,3
74,3,2
1325,21,16
40,3,2
657,3,1
112,3,3
2105,27,16
586,16,10
0,1,0
2473,106,12
322,6,5
16,4,4
50,6,5
7147,962,63
1628,94,44
41,5,4
1530,111,30
0,0,0
118,4,3
47,35,6
408,61,13
161,6,3
1055,21,19
43,7,5
32,15,6
325,24,6
529,11,4
1751,42,6
141,3,3
63,7,5
2681,281,29
26,2,2
251,7,6
22,3,3
948,142,37
15,13,6
12,2,1
148,5,2
2346,12,1
59,18,5
548,30,5
82,6,2
20,6,3
8,7,2
2886,218,14
690,35,16
45,7,4
39,5,3
9,6,4
583,31,16
570,6,3
41,9,4
35,4,3
10173,364,21
141,5,4
850,4,2
88,6,4
1,1,0
9,2,1
2772,214,11
292,4,4
1,1,0
127,11,5
247,1,1
10,3,1
313,12,7
425,42,28
792,74,14
13,2,2
150,4,2
29,3,2
363,18,4
89,14,9
88,2,2
0,2,0
17,9,6
392,13,12
98,35,5
1478,55,40
374,5,3
244,43,19
149,18,7
42,2,1
93,20,9
413,55,16
2,5,2
49,14,4
1991,587,56
86,5,4
510,124,17
138,16,1
13,7,4
668,5,3
277,18,3
243,16,6
3922,36,21
98,4,2
168,27,19
991,13,3
2,3,0
24,4,3
189,8,4
11,1,1
237,40,9
997,190,25
127,4,4
4,3,1
235,2,2
1688,345,54
471,15,10
6,1,1
11,4,3
65,9,3
92,27,17
235,24,6
190,18,10
3275,48,29
4,9,6
54282,4082,343
19,3,3
1865,35,26
20,2,1
1,4,0
13,4,2
9,5,1
32,5,4
29,5,4
21500,60,11
146,8,3
1,2,1
35,2,2
219,4,4
504,40,3
7,7,2
99,7,3
1852,141,36
149,2,1
28,3,2
187,4,3
288,68,15
61,16,7
39,24,13
364,18,10
149,5,4
0,2,0
71,2,1
18,4,1
1968,19,14
0,1,0
2051,131,19
222,10,6
47,1,1
911,14,8
36,3,3
146,6,5
243,4,4
296,5,3
7,1,1
236,6,3
94,7,6
353,7,4
18,6,5
36,2,2
99,4,4
195,25,13
10078,36,5
13019,762,101
12032,279,48
57,3,3
35,6,4
17,4,2
49,1,1
0,1,0
1333,45,18
0,0,0
25,2,1
2204,9,3
2479,5,3
7,8,2
203,19,10
176,4,3
21,4,2
14,3,1
101,2,1
147,20,11
31,3,2
732,46,39
182,55,14
313,31,8
797,34,19
466,16,4
86,6,1
7,4,1
26,9,7
75,7,7
9,2,2
1593,128,24
448,4,3
10,3,1
162,5,2
48,1,1
14,8,3
16,1,1
2629,23,3
211,10,5
12,4,1
10,3,1
38,1,1
40,15,7
2,2,0
68,26,9
498,11,5
11,3,1
8643,780,181
257,55,24
0,0,0
563,12,2
150,5,2
355,13,9
23,1,0
6153,478,70
521,15,8
40,3,1
25,3,2
33,10,3
42,8,6
10,3,1
206,6,5
4636,108,67
45,3,2
1080,89,9
15165,1031,85
11,3,1
2062,109,32
30,4,2
54,7,3
448,16,9
239,8,4
258,20,9
28,5,3
0,1,0
7,9,3
9,2,1
12013,12,5
679,12,4
101,9,4
16,8,6
55,3,3
6336,537,121
17,4,2
583,47,15
43,25,14
147,3,2
441,6,3
786,18,15
214,6,5
0,2,1
10,2,2
27,13,6
78,8,6
1,4,2
159,5,4
6,1,1
27,6,1
17,1,1
135,4,3
6255,497,52
6,1,1
52,21,12
337,29,12
84,30,15
0,1,0
953,27,3
683,31,8
159,34,5
506,97,50
253,27,5
768,31,15
37,7,6
54,3,2
8,3,3
93,4,4
717,79,13
2,4,2
50,2,2
1,5,2
705,24,8
3449,229,47
98,2,2
21316,782,121
61,8,5
1996,221,59
986,5,3
23,12,9
19,4,3
107,12,10
310,15,10
778,8,3
93,2,1
56,2,1
183,5,4
89,1,1
0,0,0
696,41,19
2,1,0
123,31,8
685,16,6
210,22,8
3,4,1
11,1,1
87,7,3
12,10,6
33,5,3
0,1,1
211,32,15
3414,4,3
889,25,10
34,8,5
4382,71,13
625,10,9
4702,269,32
237,6,4
497,43,13
3,3,3
1404,5,1
1117,5,4
7,2,2
486,13,8
1093,80,27
12,10,5
52,14,8
864,16,4
88,9,4
172,14,6
15,8,3
13955,883,83
31,7,6
1591,69,17
1584,17,12
304,35,23
7967,57,9
218,29,14
450,9,8
0,0,0
114,8,6
72,5,3
497,17,8
1,1,0
179,25,8
54,5,5
36,6,5
1,2,2
69,5,3
1109,10,4
34,2,2
827,79,9
3873,665,65
29,4,2
11,2,2
0,3,2
24,2,2
3,5,2
51,2,2
267,27,16
3877,35,23
222,5,5
45,22,11
1071,38,15
1653,43,21
231,15,13
865,64,19
811,24,9
4791,327,78
105,4,3
833,166,31
66,17,8
1539,35,13
45,6,5
114,5,4
4,4,1
87,3,3
513,25,8
31,5,3
79,3,3
1,2,0
7,1,1
77,6,4
5,1,1
7412,22,11
1934,5,2
105,3,1
1999,54,21
423,27,3
1,2,1
493,30,18
279,16,8
102,11,7
2586,54,22
16,5,4
5163,79,9
35,2,2
1109,76,26
562,26,12
53,22,6
214,31,20
2089,16,6
42,18,11
304,5,4
555,62,20
29,5,3
343,13,7
21,3,2
85,17,6
567,27,16
525,61,15
21,5,4
6,2,2
253,2,1
2248,13,1
300,28,9
784,10,7
5,1,1
1229,139,15
1468,296,23
169,3,2
47,5,5
77,1,1
451,45,16
1655,7,2
10,3,2
3955,50,12
16,1,1
507,3,2
278,5,5
451,3,1
816,25,4
3588,359,42
2388,136,20
109,1,1
6658,12,1
85,10,8
0,1,0
34,5,4
128,10,6
710,30,9
42,8,3
482,16,8
103,6,6
56,2,1
32,28,12
790,27,8
199,6,5
8,15,10
17,3,3
142,6,4
32915,447,64
223,34,17
4,4,4
98,10,6
185,12,8
1491,42,15
0,1,0
7,2,1
5,2,1
56,10,5
0,2,1
10,3,2
512,7,5
3,2,1
8,4,1
317,29,7
1,2,0
27,5,5
0,0,0
1,2,1
118,6,3
3274,7,2
2,1,1
18,6,5
91,5,2
663,23,7
1115,32,17
105,4,2
60,6,4
572,5,2
1077,92,33
0,0,0
73,5,3
8,2,1
53,6,6
355,10,7
67,7,3
1,2,2
17,2,1
2,5,2
297,22,13
31,4,4
97,22,14
703,14,6
0,3,0
10,3,1
1681,46,10
494,14,6
68,3,1
186,17,13
946,80,30
26,1,1
0,1,1
497,64,8
78,16,6
178,5,3
533,18,7
39,2,0
17,2,2
623,21,15
33,2,1
72,5,5
3497,101,13
88,4,4
3,1,1
1191,21,11
794,52,10
91,4,2
10,3,1
10,3,1
14,3,1
51,2,1
469,127,31
934,65,14
76,22,10
10757,386,121
1,2,1
5,7,2
39,1,1
62,16,5
1970,20,15
642,11,6
9,6,1
168,9,6
1224,7,2
1402,65,9
68,6,3
19,3,2
66,8,3
10,1,1
12,4,3
26,2,2
0,1,1
154,5,3
199,16,9
35,4,2
16,3,1
6772,32,7
44,2,2
41,5,3
319,33,10
150,26,11
33,3,2
7,1,1
7,7,0
3,4,2
2,3,1
1156,87,28
0,1,1
7067,47,11
6,1,1
94,2,2
0,2,0
12,4,3
106,7,4
1297,24,3
37,10,5
1,2,1
36,6,5
0,1,0
392,22,16
1620,45,24
8576,57,9
1,2,0
1109,55,3
319,24,9
149,7,3
3543,672,94
172,8,5
300,17,7
0,4,2
277,8,5
16,2,2
173,21,8
54,4,4
5,4,2
40,3,1
66,19,11
0,1,0
1,2,2
3663,276,25
0,1,0
2,4,2
4917,463,45
587,9,5
258,26,11
91,2,2
47,5,4
39,13,7
16,2,2
37,1,1
1825,4,2
14047,827,54
180,7,6
159,8,8
2,3,1
1433,11,3
463,5,2
406,2,1
1945,155,36
10,1,1
1747,284,64
67,3,3
9,3,2
132,18,9
359,27,5
2409,33,25
39,12,4
1832,170,21
1239,56,13
10,4,1
1637,15,7
97,10,4
66,11,6
342,12,9
716,132,21
98,8,5
18,2,2
10376,513,64
422,21,11
864,6,1
10,12,5
20,16,8
4,12,6
1656,22,4
2507,6,2
28,2,1
60,19,15
2383,45,10
112,14,10
195,9,7
115,10,4
63,11,8
1,1,0
5,2,1
60,20,12
369,9,5
6,8,2
2,1,1
96,11,8
584,13,6
56,2,1
340,7,6
664,28,15
981,59,17
162,4,3
55,8,8
243,15,12
22,4,3
111,5,4
0,0,0
242,55,13
10,3,3
1232,7,2
560,64,22
10203,305,69
65,6,6
135,8,5
37,1,1
352,63,16
55811,2426,249
607,30,8
29,3,2
12806,982,337
2,2,1
96,30,14
0,3,0
0,0,0
7794,20,8
5443,283,36
50,3,2
267,21,13
76,3,3
11,7,6
2622,26,14
59,7,4
354,6,4
229,26,17
141,7,7
53,4,2
546,37,17
21,6,6
135,1,1
24,2,1
15,7,4
46,5,3
6920,199,159
949,115,30
0,0,0
99,10,7
424,13,8
374,17,11
250,5,5
13990,411,33
252,22,6
0,0,0
247,14,9
321,9,4
2975,87,25
24,4,1
3963,268,32
12,1,1
17,2,2
0,0,0
838,85,8
415,75,15
164,19,8
57,2,2
421,16,11
949,49,5
11,1,1
4,2,2
250,6,1
3,2,1
32,2,1
410,14,8
344,87,19
321,5,2
3,3,2
475,17,11
204,12,5
572,15,6
23,6,2
843,51,18
272,8,5
1571,206,52
25,2,2
155,19,7
216,7,6
86,2,2
68,7,4
24,7,3
0,1,0
8,3,3
132,5,4
23,1,1
26,2,1
4,5,3
150,18,5
711,20,9
313,23,12
189,7,6
1,2,1
1717,48,14
9,2,1
5,2,2
908,61,9
303,7,5
107,19,10
687,12,4
72,7,3
11213,277,56
1443,13,9
38,6,4
0,0,0
2012,233,61
119,12,10
25,9,6
501,17,7
18,13,5
19,1,1
563,24,16
6,1,1
19,21,4
634,52,9
4,6,5
12,10,5
12,4,3
6,6,1
16,1,1
133,11,5
11,12,5
289,8,7
62,18,7
2424,137,39
1102,14,9
5,6,3
138,4,4
498,9,9
1488,4,2
169,11,4
227,8,6
193,6,5
186,33,12
27,5,5
64,11,9
139,4,2
309,74,34
43,5,3
22,4,2
778,30,20
4351,5,3
4375,243,41
2,1,1
1199,14,7
103,2,2
71,4,3
111,21,4
15,10,5
550,99,17
74,6,5
2,9,1
20,1,1
69,3,1
1470,27,21
54,8,4
455,2,1
95,6,4
1339,6,1
393,50,16
4171,35,13
3582,50,24
60,9,4
36,3,1
6,2,2
63,3,3
183,17,3
1,1,1
5,6,3
2921,31,23
14,2,1
0,2,0
323,6,4
554,13,5
120,13,5
7,1,1
17,1,1
678,3,2
209,5,1
265,39,4
799,18,9
247,28,13
90,1,1
2,4,0
1186,15,11
5353,23,2
88,10,4
0,0,0
1059,74,23
6757,208,146
86,37,10
143,4,4
12,7,5
8622,345,46
2920,57,21
407,35,15
1,1,1
880,70,14
1205,79,36
2160,11,5
8,1,1
11,2,1
1,1,1
4,3,3
0,0,0
105,2,2
14217,89,7
727,69,16
1,1,1
344,13,4
321,20,15
1211,66,12
352,20,9
1666,7,7
988,126,17
29,5,4
8,4,1
732,3,2
1125,76,10
21,2,2
324,16,7
88,2,2
103,35,23
1336,41,18
9,1,1
188,9,2
121,5,5
95,2,2
585,11,4
1142,21,15
50,5,3
84,3,3
84,10,6
36,6,5
9060,527,61
320,11,5
179,74,16
67,1,1
67,9,5
3,2,2
0,0,0
23,3,2
66,3,2
16,2,2
803,55,20
24,5,4
0,2,1
240,7,4
8,1,1
237,13,4
245,11,1
308,27,16
166,14,9
228,8,7
313,45,12
67,16,9
41,6,3
248,28,9
3906,36,8
201,4,4
600,10,8
28,3,3
2,2,1
31,8,4
4,1,1
7,3,2
1,2,0
172,7,5
4,6,2
4,3,1
1,7,2
7,2,1
5,3,1
251,80,26
43,4,2
75,3,1
83,5,3
138,3,3
25,6,4
7,1,1
57,2,2
110,17,11
1094,10,1
44,6,4
3,3,1
2726,41,15
1185,10,3
793,69,25
2,2,1
232,18,9
58,11,8
41,7,4
546,30,4
0,0,0
356,55,7
9,5,2
13,3,3
737,69,24
3444,89,34
25,5,4
7,4,1
108,8,7
1,4,2
288,3,2
8,2,1
249,6,5
2174,44,16
4,2,0
437,16,13
38,10,4
977,130,18
69,2,2
1,3,1
2,4,3
35,5,2
316,18,7
2,5,1
9,2,1
1338,40,24
1,3,2
768,72,22
7,1,1
121,8,8
634,9,8
44,7,7
187,6,4
14,5,3
2937,46,7
531,62,9
298,32,16
550,12,10
285,18,10
15,1,1
667,3,2
238,31,14
4,4,3
14,6,3
97,6,5
1559,184,39
74,5,3
468,26,13
4082,310,39
0,7,4
162,22,3
1,1,0
7,4,3
912,33,12
32,3,1
6,7,5
721,53,24
2519,178,12
1621,25,18
2836,29,5
1973,46,9
1136,2,2
125,2,2
170,9,3
85,7,3
7,2,1
813,10,3
441,14,8
0,1,0
9,4,3
114,7,5
13,4,4
1,1,0
1238,134,19
178,17,10
853,21,4
6,2,2
25,2,2
7,2,1
8,2,2
2,3,1
10,8,5
11,6,2
161,6,3
1592,4,2
692,13,6
726,73,15
2512,143,26
0,0,0
41,22,13
24,3,1
358,4,1
2500,14,13
4673,20,8
218,18,4
7,1,1
267,21,5
1488,18,11
14,5,4
3636,104,50
7,1,1
22,1,1
1051,5,1
0,0,0
501,16,8
1816,56,10
1291,227,39
116,4,1
40,7,4
178,7,4
7,12,6
10,11,5
110,21,13
2444,40,14
65,2,2
27,2,2
952,140,18
8366,38,7
1996,26,7
204,13,7
307,2,2
1629,47,7
1329,12,3
229,11,6
102,18,6
325,7,1
10,11,7
75,20,9
13,1,1
35,8,3
3237,272,30
476,11,4
9,1,1
2840,341,49
139,6,1
30,3,1
11,3,3
1441,113,29
9,1,1
1092,117,30
657,9,5
49,13,12
1334,70,12
734,42,18
196,9,7
12,9,5
27,2,2
515,8,8
52,1,1
1698,25,13
366,7,4
306,66,12
111,6,4
34,4,3
28,6,4
44,6,4
255,11,5
178,12,7
33,14,10
145,9,7
7,7,3
135,9,5
1015,9,2
1933,34,5
91,7,5
811,4,1
301,18,8
38,2,2
12,4,2
263,23,15
253,43,16
40,8,7
114,15,11
3741,28,20
7,1,1
1,3,1
304,8,4
2899,256,57
542,41,13
0,0,0
0,0,0
68,10,3
2202,49,17
236,13,9
41,1,1
44,4,4
683,15,15
1749,11,7
1091,4,2
109,23,9
12,1,1
278,12,6
10,1,1
27,4,3
16,5,5
22,6,3
4,8,3
770,23,7
31,15,9
10394,152,31
36,15,6
8,6,5
2219,19,7
59,3,3
83,6,5
105,12,5
15,9,6
26,2,2
647,33,23
953,57,12
0,1,0
646,34,12
62,8,3
997,65,33
292,10,5
7,1,1
31,6,3
0,0,0
13,2,2
628,20,9
10,2,2
8,2,1
6256,747,98
35,9,4
1971,255,23
12,2,1
663,38,7
6,1,0
89,20,6
1557,36,8
7,2,1
154,2,2
6,7,3
165,29,8
293,3,2
11,1,1
7,2,2
48,4,3
273,6,6
3,2,1
7,1,1
177,7,6
3961,76,13
95,5,4
138,14,10
8,1,1
99,9,6
847,30,12
172,12,7
28,12,5
0,0,0
489,3,2
117,7,5
1509,71,15
549,14,8
553,55,14
370,6,2
253,10,4
13,2,1
3,3,1
73,3,2
316,10,6
7,1,1
106,8,4
610,135,27
264,8,6
72,3,1
236,20,4
966,155,15
6466,26,11
3399,32,17
71,1,1
75,3,1
32,1,1
5352,353,90
0,0,0
488,10,7
1114,50,9
231,4,2
1,2,1
459,29,18
30,3,1
4,1,1
794,18,4
58,6,4
1,1,1
45,4,2
499,2,1
857,10,2
88,16,6
121,5,4
9,1,1
256,20,16
763,107,26
135,9,7
315,37,14
10,3,3
18,4,1
156,17,9
321,56,24
49,3,1
20,3,2
21,5,1
47,3,1
554,54,13
7458,282,20
906,5,4
9152,143,20
48,14,6
745,15,5
7,4,3
4,4,1
28,3,3
1,1,0
11527,60,17
405,14,7
1944,38,30
0,2,1
4490,62,9
18095,1921,234
1471,46,10
6,4,1
16,3,2
2600,39,22
93,2,2
34,12,5
325,13,5
1965,14,8
553,7,6
0,0,0
40,2,1
0,1,0
96,14,5
5,3,1
95,4,3
7,3,1
7,1,1
17,1,1
519,30,15
113,4,2
1770,448,63
1795,62,13
841,34,21
0,2,2
13296,351,25
394,5,3
0,1,1
79,4,3
517,10,9
47,4,3
33,4,3
4396,72,11
37,3,2
1269,26,5
85,4,4
5,3,2
56,4,3
43,5,4
17,6,4
10,1,1
4,7,2
2707,14,8
2244,221,45
30,3,2
707,4,3
82,3,2
0,2,1
42,5,3
0,2,0
451,52,20
18,2,2
0,4,2
2085,13,11
3,4,3
3866,161,16
842,8,4
2131,33,10
15,3,1
759,4,3
4764,178,43
168,23,11
222,11,5
33,5,3
23,8,3
0,0,0
6904,4,2
855,92,18
33,9,4
939,111,36
33,3,2
87,3,3
392,20,9
71,5,2
0,0,0
13009,2370,517
132,16,9
0,1,0
1,2,2
90,10,3
30,21,8
223,3,2
558,3,2
2343,80,16
7343,144,17
1674,114,25
1,4,2
145,54,9
67,3,2
1,2,1
2639,133,19
311,14,9
741,54,11
18,4,2
53,13,6
138,4,1
1480,65,8
247,63,34
17,1,1
2263,193,26
1,3,2
1,3,1
99,5,2
172,22,10
687,43,22
385,12,11
11,3,3
513,9,4
25,1,1
16,3,3
110,4,3
0,1,1
1,4,3
1036,63,11
45,5,4
34,1,1
1883,21,13
23,2,1
779,30,7
177,4,2
208,16,6
14,7,2
397,31,5
96,6,5
54,3,3
152,5,3
201,5,2
5,9,8
349,14,7
2986,67,29
87,6,6
509,12,5
14,3,2
767,12,12
0,2,1
3,5,2
154,8,4
27,6,2
802,3,2
9,4,1
1,1,1
86,18,4
212,37,6
6,8,6
118,4,3
308,36,14
451,3,2
76,7,3
4008,271,52
0,0,0
29,5,1
57,4,4
54,6,5
2,8,2
536,49,13
48,10,8
344,21,11
22,3,2
958,19,10
1,4,0
22,5,4
233,6,3
36,5,4
9,1,1
22,2,2
0,0,0
107,4,4
9,2,0
46,9,4
7,1,1
1323,80,17
1732,23,4
73,29,13
4117,59,21
2,3,1
2254,69,14
11,7,5
338,29,7
1138,177,61
4,3,1
222,22,12
7,6,4
1,2,1
32,4,3
2415,7,2
14,4,3
6,3,1
63,2,1
103,6,4
5,7,4
28,8,4
52,3,1
39,2,2
1735,47,23
259,3,2
127,15,8
43,10,4
240,8,1
229,8,5
165,11,8
10,12,6
11,7,2
701,69,14
1766,14,3
76,16,6
38,2,2
537,31,13
282,9,2
134,15,7
17,3,1
75,6,3
863,36,7
437,34,14
15,1,1
6,8,5
316,11,10
24,6,4
49,14,10
5,2,1
278,17,14
603,5,2
240,4,4
95,21,11
1,2,0
253,4,4
87,15,9
4,9,1
42,9,6
122,2,2
123,8,3
187,11,7
36,4,2
858,11,7
719,20,13
3873,10,7
299,17,11
9,2,2
8,1,1
411,49,8
61,6,4
9,1,1
501,3,2
24,3,3
24,1,1
2,4,3
40,6,4
6,1,1
113,37,20
306,7,6
5,1,1
435,49,11
39,14,6
49,5,2
2826,29,14
22,4,1
0,2,1
212,2,1
114,1,1
3118,79,19
1309,178,32
267,8,4
2135,112,24
4335,37,18
1240,35,14
0,1,0
18,8,3
198,8,4
281,4,2
602,14,8
4,3,1
6249,96,12
21,5,2
1895,20,16
1,1,1
6451,331,16
283,21,13
2546,106,37
413,9,9
1444,27,14
5,2,2
47,3,2
432,41,5
23381,632,204
11,9,6
7,1,1
11474,35,13
71,3,2
1,2,1
52,3,2
971,30,9
1,1,1
521,27,20
326,6,5
4,4,1
1778,105,24
0,1,0
80,4,2
17,11,1
39,1,1
9,1,1
6,9,2
210,4,3
154,9,1
12,5,3
79,9,7
1755,40,8
43,4,2
85,6,5
6,1,1
507,27,21
548,11,10
2136,17,2
1122,4,1
1458,114,51
735,62,11
21,7,2
388,2,2
72,8,6
3,1,0
738,47,10
44,2,2
5496,754,56
27,11,8
166,10,5
20600,293,83
238,5,2
3,2,1
314,7,7
117,50,29
5835,10,10
119,40,9
792,64,11
182,34,3
431,20,9
25,2,2
36,5,5
17,8,5
67,27,10
6746,566,156
1,1,0
2276,276,25
115,13,5
108,4,2
77,3,2
8,1,1
972,83,54
228,12,6
42,3,2
102,19,11
17,5,3
219,4,1
1035,17,6
151,29,7
427,10,10
8,9,4
27,9,2
94,4,3
7,4,3
2267,13,5
532,9,2
1,1,0
1488,12,5
622,6,4
230,26,16
102,3,2
251,9,6
4,2,2
352,31,6
2,5,3
1591,29,12
93,4,2
58,5,3
56,1,1
146,11,6
2,3,1
59,4,2
33,15,8
48,10,4
409,30,6
71,5,4
628,69,9
35,6,3
379,16,7
189,19,14
56,4,3
54,6,3
4,3,2
79,15,12
3483,14,5
65,5,4
65,8,6
64,22,16
219,1,1
1729,36,28
0,1,0
19,6,2
727,6,1
13625,219,34
9,1,1
15,14,8
4,6,5
27,6,1
18,6,3
44,5,4
323,10,6
55,6,4
26,16,9
17,2,1
0,3,0
1055,6,6
7,2,1
363,7,4
2394,60,11
154,7,4
294,6,5
253,6,6
3,1,1
45,7,6
289,29,17
105,2,2
30,3,2
12585,1198,182
29,2,2
490,93,7
288,28,7
2,3,3
148,7,5
281,10,8
129,13,11
52,3,2
7,8,4
156,7,5
172,17,10
32,3,2
11,10,1
2983,186,31
485,41,25
226,17,16
46,3,3
117,8,3
2153,219,19
133,5,4
0,0,0
133,6,4
21,4,2
5438,31,19
144,4,3
17,4,1
0,1,1
0,0,0
184,4,3
1180,187,19
735,29,9
0,0,0
107,13,4
307,22,9
626,28,13
307,12,5
0,0,0
55,13,7
145,13,9
57,5,4
157,2,2
137,10,7
8,5,3
0,0,0
35,2,1
1357,64,16
2140,175,28
208,10,5
1324,55,21
4504,278,39
62,12,5
4,2,2
73,3,3
0,2,0
53,23,10
11,3,3
464,8,7
12,6,4
623,27,15
750,63,15
89,4,3
8,3,3
59,3,2
309,19,6
319,5,1
102,2,2
11,2,1
40,7,4
17,3,2
11,3,2
6,5,3
583,18,13
931,41,18
242,38,16
764,31,14
65,11,4
98,3,2
93,11,5
0,0,0
130,6,4
4648,169,46
290,6,3
256,3,2
93,13,5
46,6,4
121,1,1
242,15,6
7,2,1
726,90,10
1076,17,9
145,19,6
155,31,9
9,5,1
1017,114,30
604,17,12
132,3,3
28,21,11
4874,215,32
53,3,2
48,7,3
17,11,9
40,4,4
2491,182,23
496,39,12
1484,5,5
16,5,4
1185,10,2
2,2,0
623,14,8
81,13,7
29,10,5
248,11,11
18,6,5
463,4,2
178,20,7
14,4,3
1012,3,3
120,3,2
0,0,0
131,4,2
1718,6,4
24,9,7
190,47,15
190,4,4
65,3,1
117,4,2
71,6,2
1615,34,17
14,1,1
295,4,4
667,17,5
142,20,7
989,14,9
205,49,14
541,27,10
210,12,5
165,6,4
9676,1095,62
267,2,2
0,0,0
130,4,3
1,2,0
1306,8,3
50,1,1
0,0,0
1289,14,1
544,35,24
979,7,6
56,16,7
250,11,7
112,3,2
101,25,15
1,3,2
148,5,5
1248,51,9
21,2,2
994,22,8
1122,111,45
3466,3,2
85,4,2
3,5,1
356,3,1
100,7,6
134,6,5
27,20,9
0,3,1
80,5,3
27,2,1
307,9,8
321,20,7
2,2,2
1423,152,13
1002,41,8
115,44,6
2340,32,12
75,12,6
38,4,2
507,20,11
26,2,2
1331,161,21
86,1,1
10,1,1
598,6,1
105,17,11
59,3,2
2678,42,7
72,6,3
17,4,3
19,2,2
49,28,2
45,6,4
26,6,3
20,6,5
5,3,1
5632,122,40
1270,10,6
4611,706,28
0,0,0
1083,5,2
2598,151,87
465,11,4
120,8,7
28,4,2
17,7,4
88,4,2
1294,221,58
158,11,7
12,3,2
2284,50,9
421,35,15
19,5,2
77,12,4
2728,329,69
103,16,6
910,12,9
5,3,3
24,9,6
359,10,3
671,23,6
482,15,3
222,5,2
2,1,1
0,0,0
17,1,1
594,46,17
491,19,15
5,2,1
2366,285,37
4931,81,15
120,3,3
327,16,8
661,44,12
48,6,5
7,4,2
228,11,7
1719,100,42
155,12,7
2652,19,17
31,6,4
5001,339,48
40,5,3
11479,15,3
0,0,0
186,3,3
427,28,13
1524,131,8
0,0,0
46,2,1
315,21,17
986,9,3
14,3,1
180,18,6
1017,54,18
347,4,1
44,14,7
254,4,2
39,3,2
7,2,1
11416,542,131
74,5,4
1,2,1
13,3,2
2028,454,37
498,83,31
269,42,6
136,13,8
2352,13,12
0,0,0
48,3,3
9,4,2
623,16,12
15,7,1
2,3,1
40,7,5
158,24,7
82,8,3
76,4,2
4,9,1
30,4,3
13,7,4
230,5,3
293,3,2
73,16,8
5127,45,6
1262,4,2
537,21,6
0,0,0
7,4,1
3548,195,61
22,4,2
4,6,3
59,7,6
10,3,2
538,38,14
15,2,1
164,5,4
153,5,3
1518,32,8
23,2,2
1,2,2
2279,47,8
25,6,4
58,7,5
202,30,15
27,10,7
728,19,5
1397,86,27
38,1,1
379,13,8
375,19,10
260,13,9
50,5,2
0,1,0
138,31,20
100,20,10
556,17,5
130,5,2
9,14,3
4308,459,108
32,3,2
78,8,3
356,18,7
59,5,3
7,2,2
37,5,1
175,3,3
127,5,3
9,10,4
205,3,2
1,1,1
107,8,6
978,23,15
73,2,1
249,21,8
8,1,1
386,40,19
1182,10,5
318,8,5
64,2,2
4,1,1
0,3,1
2150,52,35
322,11,5
1024,84,23
1703,54,21
306,25,12
28,6,1
5,8,2
1388,45,12
911,36,12
465,24,7
54,4,2
97,4,3
0,1,0
359,17,11
96,3,3
21,2,2
5431,15,4
44,16,1
577,8,5
42,3,2
1,2,0
265,11,6
11,3,3
143,15,9
59,11,9
19,2,2
1675,16,7
32,12,7
110,2,1
4633,18,1
1231,14,7
1497,18,4
1498,97,24
6,2,1
329,10,4
1402,84,19
75,16,9
2001,221,58
518,47,12
6420,4,2
0,0,0
10,1,1
403,9,6
174,5,4
573,12,3
24,10,6
4,3,2
53,6,5
21,1,1
1,5,0
184,16,8
9,1,1
724,117,19
0,0,0
20,5,2
121,4,4
33,3,2
1172,15,8
19,24,13
20,6,3
7,4,2
71,7,2
18,4,4
89,10,6
68,4,2
444,25,9
11,10,3
79,2,2
320,12,4
191,3,3
38,3,2
0,0,0
41,2,2
1,1,1
50,1,1
393,12,9
110,7,4
26,4,2
1609,23,12
7025,1441,47
9069,50,8
112,5,3
32,5,4
1,1,1
32,2,2
450,9,9
415,47,4
83,12,10
2351,143,19
1541,19,14
154,9,5
134,5,4
219,60,31
72,2,2
5,1,1
1239,16,6
15,10,1
169,5,5
185,4,4
1583,5,2
837,3,1
12,3,3
3,3,3
825,47,3
33,10,5
2756,29,28
100,11,5
53,2,1
167,11,1
78,7,3
1,1,1
4,5,1
683,6,4
8,5,4
143,7,5
4810,437,53
673,14,6
1,2,1
3,4,2
165,6,4
193,6,4
5,2,1
4207,389,28
59,6,4
804,88,17
3050,240,41
169,40,8
71,5,1
387,10,8
1,2,1
2,1,1
398,10,6
8,2,2
723,101,27
4,3,1
6,2,1
49,10,6
1043,11,1
416,3,3
6,1,1
622,46,17
26,3,3
53,8,4
3,3,1
37,2,2
13,19,11
2,3,0
21,6,3
1252,143,25
134,6,2
22,6,3
21,3,3
60,6,5
2478,289,33
89,13,10
6,7,5
3576,629,42
741,5,2
35,4,3
497,2,2
15,2,1
4,2,2
776,10,7
350,18,12
483,22,9
1641,182,41
3,1,1
15,3,3
1,4,1
1204,49,20
14,3,1
9,4,1
0,1,0
283,7,6
3333,57,17
5542,892,201
87,9,9
4,2,1
908,126,36
13,12,7
622,20,14
13153,486,47
113,3,2
61,14,8
288,31,12
47,5,4
254,60,20
128,12,4
117,17,6
169,36,14
43,1,1
68,3,3
41,2,2
1666,65,24
111,4,3
142,12,7
13,8,1
25,5,2
1279,10,6
20,3,3
370,23,12
523,18,8
17,7,1
162,43,12
170,29,11
38,4,2
28,5,4
44,18,7
6691,680,40
49,4,3
5104,65,40
2839,14,2
9,5,2
27,2,2
14,5,2
7,3,2
4,2,1
1996,30,16
2284,60,27
120,3,2
32,22,15
112,2,1
304,23,9
375,27,15
1239,47,10
2,3,2
4694,56,24
674,13,10
87,1,1
25,9,3
25,3,1
6,5,3
346,30,11
2256,3,2
333,28,9
241,36,14
2267,339,43
0,0,0
22,2,2
0,0,0
11,1,1
87,9,5
124,6,4
108,4,1
2,3,3
323,18,10
173,7,4
9,2,1
334,19,11
1193,7,5
493,4,3
28,7,6
3620,404,33
800,18,14
22,6,2
194,9,5
245,4,2
37,3,2
12,2,0
299,14,9
56,9,6
1,3,1
127,6,3
36,3,1
68,7,6
199,17,7
51,11,3
220,23,9
45,20,11
0,1,0
1865,115,22
546,55,21
2,3,0
28,1,1
520,89,46
1601,148,20
46,13,5
8,2,1
1,1,1
437,7,6
75,13,10
507,32,19
4840,96,6
34,3,3
25265,1043,223
124,13,3
1300,12,5
56,1,1
61,3,2
265,7,6
1728,16,1
357,5,1
520,69,36
1121,33,11
794,88,15
11584,1453,60
156,24,8
5,2,1
128,14,9
68,7,3
477,6,3
0,0,0
2,2,0
115,9,6
282,15,11
3,2,1
13,2,2
0,0,0
10,3,2
3,7,1
94,6,5
244,7,2
571,100,53
801,34,17
1055,123,14
12,5,4
0,0,0
11,2,1
0,1,0
47,4,3
47,10,4
543,18,9
9,1,1
52,9,5
324,22,17
118,2,2
3712,4,2
13455,515,108
67,7,6
59,3,3
1,2,1
35,9,2
4,1,1
2,4,2
207,12,8
148,4,1
27,2,1
24469,107,45
1,1,1
37,5,3
256,14,9
26,4,2
367,31,10
1000,11,4
528,21,10
805,19,15
121,12,4
66,8,5
479,14,11
13,2,2
5326,24,8
864,19,7
868,5,3
2,2,2
30,3,3
107,8,4
247,8,5
111,6,3
232,2,2
24,7,4
59,2,2
100,8,5
21,2,2
1,3,2
75,8,5
1129,68,24
2,2,1
1013,24,4
3982,189,38
951,25,9
19,1,1
9,11,4
1455,6,5
9,3,2
416,20,8
2134,41,6
56,11,6
2937,33,15
19,5,2
2653,52,25
754,13,12
245,13,10
170,8,5
65,3,1
13202,1253,65
4633,8,3
0,1,1
465,10,7
29,8,4
6,3,1
155,24,6
5,13,4
2222,10,7
102,13,2
162,21,5
533,37,19
7,8,2
34,3,3
361,7,5
495,4,1
734,4,3
3902,178,47
150,6,6
330,11,7
64,25,20
16,1,1
7,7,4
312,75,12
146,7,5
1242,192,41
308,9,6
10,16,9
39,3,3
20,1,1
823,120,17
680,3,1
66,13,6
15851,828,81
1045,114,14
11,5,4
27,2,1
199,9,8
3,4,2
42,1,1
506,3,1
30,10,9
4774,107,23
170,16,6
138,11,10
96,9,7
240,23,8
81,18,6
28,1,1
3288,10,3
294,12,5
83,11,8
43,13,5
1096,57,14
51,7,5
85,23,11
56,19,6
54,6,5
196,20,5
657,113,15
1363,149,6
2017,10,6
2203,293,56
222,7,4
99,8,5
40,7,6
895,76,21
1599,64,19
384,12,9
447,47,7
4395,94,22
7,3,2
1342,16,12
5,1,1
73,4,3
1,2,0
207,12,10
156,7,3
55739,32,3
5,1,1
3521,127,19
64,7,5
54,11,8
11,6,4
180,5,5
139,10,4
136,10,8
80,4,2
1258,54,18
16,8,6
90,26,11
68,4,3
0,1,0
17,2,2
293,24,17
4,4,2
46,22,5
15,1,1
10,2,1
86,17,6
323,25,12
1410,102,11
15,1,1
0,0,0
1091,47,6
0,2,0
662,20,15
16,4,0
516,65,8
168,7,3
1,1,1
90469,3375,177
1,2,2
63,2,2
12,2,2
24,13,10
1,7,1
209,7,4
114,5,2
89,5,4
3,7,0
46,3,2
2685,16,14
97,5,5
375,24,18
57,3,2
2625,136,11
27,5,2
67,3,2
290,3,3
9,8,8
203,15,5
136,12,6
0,0,0
18,5,2
104,1,1
868,50,8
574,51,20
93,12,6
1,3,1
741,13,6
69,5,5
0,0,0
6,1,1
1501,9,3
6441,19,12
6851,135,30
169,6,6
212,12,8
241,4,3
2789,670,128
249,24,11
609,26,9
330,50,5
9,10,6
28,2,2
2991,321,19
279,10,5
760,85,17
248,38,10
5,4,4
6,2,1
1835,15,2
315,5,4
8,4,2
7682,61,17
379,13,7
158,10,5
225,34,11
76,3,3
8,3,2
2786,19,17
362,21,8
53,1,1
67,23,16
2,2,0
229,15,11
179,15,10
834,27,21
359,13,8
422,9,7
1285,65,23
22,5,3
1409,27,17
133,17,7
409,60,26
1,2,1
1114,216,62
1,3,0
232,6,5
25,4,3
399,33,12
4727,24,19
567,24,5
496,42,18
34,4,3
188,4,3
3,3,2
476,28,20
120,5,4
38,6,3
23,1,1
1008,11,10
0,0,0
65,18,9
243,10,4
22,3,1
1518,272,41
4,4,1
1,1,0
679,12,10
781,52,29
324,16,8
160,33,9
162,4,3
236,7,3
48,24,14
11,10,6
171,13,8
10,10,3
0,0,0
3,2,0
236,37,6
349,41,14
321,8,7
66,14,6
10,3,1
37,1,1
46,1,1
57,7,6
107,2,2
18,18,8
157,6,5
973,63,19
6,3,1
0,1,0
59,8,4
291,11,8
14,2,2
475,58,14
266,6,5
645,12,11
126,2,2
7,1,1
3344,143,20
117,4,1
196,22,7
23,4,2
1,2,2
16,2,2
22,6,5
18,4,3
753,25,11
4140,40,21
544,12,11
118,5,4
237,6,5
70,7,3
3512,4,2
7,1,1
1,2,1
9252,33,20
50,13,7
488,18,4
0,0,0
0,4,1
20,3,2
10,1,1
86,5,4
4623,15,5
1190,42,12
11,9,6
1534,35,10
23,3,3
35,7,7
36,7,4
36,19,12
493,57,18
193,47,27
91,15,10
469,10,4
10,4,1
1,1,1
6,8,7
172,4,4
21,12,3
57,3,1
122,6,4
685,93,40
83,19,6
23,3,3
2152,143,27
8939,434,176
16,4,3
2,3,0
531,43,15
55,1,1
257,18,5
9,3,2
45,10,4
6,1,1
158,28,11
6,6,4
100,7,4
14,11,5
21,1,1
4,2,1
7,2,2
42,2,2
4,4,3
36,14,10
18,2,2
443,14,11
0,2,0
13,2,1
109,9,5
100,5,4
0,5,0
232,27,9
1414,44,10
91,6,3
4,5,1
176,21,14
1355,116,25
0,0,0
178,19,4
25,2,1
639,19,12
3,3,1
42914,358,55
232,26,15
24,2,2
0,0,0
10,1,1
116,6,6
2,3,1
8290,769,93
9,6,2
12,1,1
98,8,4
5,1,1
9258,65,46
3143,40,21
128,15,6
51,12,7
7245,29,5
346,27,13
3427,96,8
13,12,2
2432,189,35
3,5,4
23018,895,84
14597,851,99
3308,89,26
21,3,3
847,3,2
73,52,13
0,2,0
10,13,4
54,8,4
235,19,10
502,13,5
2095,132,21
307,24,17
152,28,11
16,2,2
76,7,7
943,25,16
136,3,3
1096,48,43
125,2,1
25,3,2
767,10,5
21,4,3
3,8,2
268,7,6
140,7,3
6,2,2
635,37,19
244,14,5
817,5,3
1507,67,12
18,3,2
693,32,6
126,14,10
12,1,1
4362,105,24
328,11,8
104,3,1
305,38,19
1256,23,13
77,12,9
7,1,1
4,2,1
449,66,16
121,5,5
60,4,3
7,1,1
0,2,2
10065,875,115
786,40,14
4,1,1
249,42,25
7,4,1
804,38,23
523,44,12
1753,77,13
37,10,10
3,2,2
623,117,22
18,1,1
5,1,1
1570,125,8
0,1,0
212,30,16
70,7,6
19,12,10
62,5,2
9107,313,119
0,1,0
162,7,5
259,41,14
186,13,10
40,6,3
1760,137,12
13,5,3
130,19,9
20,2,2
1638,11,3
127,34,26
1489,7,3
974,18,10
223,3,3
11067,175,35
700,28,7
118,22,15
83,8,6
7,8,4
0,1,0
2473,59,13
1272,102,28
45,8,6
6,4,2
1,3,3
563,9,5
7,6,4
157,17,9
13,6,4
155,5,3
11,7,4
32,7,3
7216,19,4
458,8,7
63,3,3
2,3,1
72,5,3
6,3,1
3081,37,5
1546,4,3
254,6,5
53,1,1
1,1,0
118,22,4
53,6,5
62,5,3
0,0,0
1451,44,12
45,17,8
291,31,16
3,2,0
68,21,6
330,49,16
25,6,2
25,1,1
2177,166,28
34,4,4
2669,196,31
202,10,7
7,1,1
469,38,22
189,7,3
21280,192,21
3,3,2
20,2,2
2,1,0
1863,32,15
97,13,6
36,12,3
62,3,3
11,2,2
57,6,1
19,5,2
34,10,3
34,1,1
11,4,2
25,4,3
3011,277,18
1034,24,7
66,3,2
5120,419,58
62,4,2
186,9,4
72,3,3
16,5,4
7,2,1
13,4,1
31,29,8
22,5,2
196,17,12
206,31,9
46,11,6
859,15,13
8,3,2
3,6,1
275,8,5
930,40,18
14,1,1
32,6,2
183,8,6
283,40,8
146,8,3
312,41,7
133,12,4
248,24,7
3,1,1
4,1,1
476,3,2
236,20,9
13,2,2
8,10,2
51,5,4
16,4,4
28,6,3
264,32,7
209,7,4
650,27,16
2551,97,29
376,59,17
178,9,3
7467,59,22
0,0,0
78,6,4
325,28,9
10104,660,68
53,4,3
12,6,6
10,3,2
211,3,3
3,3,1
265,5,5
52,2,1
52,2,1
691,28,15
12,2,1
34,6,4
52,31,11
2654,87,50
21,15,8
7,5,1
195,7,3
2060,15,3
61,10,6
314,13,6
2511,35,7
9,16,5
750,41,8
25,5,4
14,1,1
206,19,9
6,10,5
1034,3,1
67,4,2
5,6,2
13,10,5
581,22,10
42,3,2
126,6,5
4,6,2
114,2,2
58,4,3
42,3,3
279,24,7
2,4,2
113,17,9
413,62,16
8,1,1
53,8,5
351,47,15
23,3,3
4,2,1
141,7,4
1,1,0
124,12,4
2,4,0
493,36,18
0,2,0
0,0,0
172,12,8
1305,159,71
1487,19,11
313,19,7
89,4,2
0,1,0
6847,205,21
397,10,9
55,3,2
212,28,6
29,14,6
41317,567,29
321,5,1
14,2,2
116,8,4
26,6,3
516,5,2
90,10,4
564,35,11
167,25,7
445,57,15
4,5,2
14,1,1
238,1,1
19,2,2
48,3,1
1,2,0
97,21,11
8,9,7
12,1,1
0,1,0
35,357,0
7,1,1
7,3,1
497,17,5
513,18,9
35,9,8
139,20,6
25,6,2
4015,216,50
475,46,8
68,7,3
1092,71,37
788,17,11
15,3,1
4323,16,6
2280,121,11
73,8,6
27,3,3
8,6,3
187,82,13
1471,22,12
829,47,16
3,6,0
4,2,2
77,7,7
21,11,6
66,5,3
61,7,3
381,13,8
121,65,6
384,12,8
683,25,9
17,4,3
0,2,0
1,2,2
69,4,3
2,3,2
81,9,6
71,14,7
21,7,2
3,3,1
304,8,4
12,9,6
11,2,1
353,10,4
203,11,4
3,2,1
382,5,2
97,4,2
28,3,2
0,0,0
70,14,5
1882,123,33
23,18,15
17,3,1
0,1,0
32,7,3
17,6,5
61862,3071,378
34,2,2
858,12,4
4548,47,13
29,1,1
9394,605,112
223,3,2
4275,117,34
516,5,2
1,1,1
1544,36,19
2,4,1
251,15,10
121,7,5
4,3,1
1339,11,9
0,0,0
12,2,2
212,12,5
217,8,8
2,4,1
7,1,1
57,6,1
44,17,6
9,9,4
32,3,2
591,4,2
1,3,2
2,5,2
291,19,10
685,41,8
16,18,13
9,7,3
15,5,2
245,33,7
2,2,0
181,30,7
285,3,2
160,25,14
0,1,0
88,4,1
207,5,4
259,46,10
778,13,9
31,5,4
1656,13,6
0,1,0
3476,23,4
15,1,1
1,3,2
9,2,1
131,17,4
42825,1088,158
4,3,3
6,3,2
26,2,2
9,8,3
5767,719,115
37,2,1
86,5,5
969,34,8
360,45,30
455,11,4
213,10,7
836,10,9
13,4,1
5,3,2
199,10,6
109,10,5
1707,217,56
10,1,1
49,14,7
94,6,6
106,17,6
30,6,5
13810,562,138
37,2,2
49,12,7
1478,18,16
17,16,11
3,5,0
48,1,1
9,3,1
3,3,1
2,5,3
1761,250,77
219,13,10
81,20,3
23,2,0
18,3,3
228,6,2
245337,5960,272
35,3,2
2670,204,32
2299,36,23
13,3,2
53,5,2
36,22,11
229,11,4
12,4,2
2532,160,37
370,55,28
185,34,16
1,3,3
424,9,5
285,4,2
558,126,28
107,20,11
49,3,3
566,17,4
17404,473,15
166,14,10
588,8,6
2640,15,15
330,33,14
16,2,2
0,3,0
539,6,2
2,6,1
20,8,4
176,9,6
183,7,3
433,15,6
119,4,2
3,2,2
9,5,2
2619,148,47
66,3,3
30,2,2
0,2,1
0,2,0
4226,650,116
4057,344,66
1683,14,7
2425,29,14
73,2,1
2448,33,20
851,75,17
1,3,2
120,11,8
879,75,16
0,0,0
639,29,14
161,8,2
28,20,15
581,4,3
18,1,1
1946,66,12
148,1,1
48,3,3
4,14,8
7810,271,55
2,1,0
12,1,1
3317,7,2
17,4,3
0,0,0
15107,201,61
759,79,26
20,5,4
29148,1233,96
59,7,4
2789,179,46
697,14,12
6,2,1
4,8,7
113,1,1
1892,394,86
27,4,3
584,39,23
239,5,4
1268,181,37
4,1,0
12,2,2
12,2,1
81,8,4
10,3,2
1,1,0
560,32,13
11,2,2
67,16,6
289,29,5
1322,17,9
151,20,7
71,3,1
79,7,3
516,16,6
16,4,3
71,5,4
126,14,3
1397,10,6
64,3,2
196,16,10
0,1,1
1130,60,22
1142,10,9
45,23,7
1767,123,9
47,4,3
13,9,2
96,2,2
426,59,20
49,3,2
416,3,2
752,20,18
64,5,3
0,0,0
18,3,3
1709,85,20
35,3,1
1062,2,1
250,10,5
379,19,10
390,11,5
168,35,8
35,5,3
181,33,12
17,1,1
45,4,3
39,3,2
927,21,13
117,2,2
1,3,0
431,13,7
1134,15,9
17,2,2
28,22,10
0,2,0
0,0,0
482,24,4
68,4,1
48,4,1
6849,427,32
1362,29,4
15,2,2
52,6,3
6,7,3
40,7,4
60,8,7
368,48,17
744,8,6
585,6,5
41,9,4
1086,11,5
3169,4,2
623,16,16
12,3,1
316,6,5
22,9,7
3102,39,30
0,1,1
230,32,8
1749,11,2
210,9,8
209,28,8
149,3,3
85,3,2
7,4,1
64,8,3
217,50,25
3,1,1
247,9,9
5,2,1
4,4,3
64,3,3
263,25,12
626,17,3
593,75,14
0,1,0
9,3,1
21,5,3
591,10,8
14,2,1
325,6,5
42,1,1
0,0,0
52,9,5
46,3,2
232,32,13
249,26,17
1,2,2
106,32,13
16,2,2
5285,463,11
12,6,1
185,17,4
64,7,3
13,3,2
71,5,3
12,2,1
3716,689,36
614,58,20
186,3,3
0,3,1
153,9,5
27370,2860,230
2236,39,14
26,5,3
84,6,2
455,18,6
256,61,19
15,1,1
178,12,6
32,6,4
2,1,0
2,1,0
82,9,7
291,7,4
67,4,4
577,5,2
98,6,4
180,18,9
16,3,2
312,21,7
547,12,5
21,7,3
1448,31,16
496,9,5
176,5,4
2837,26,6
1,2,1
73,9,1
66,4,4
26,4,4
47,4,2
14,2,2
121,11,7
202,29,16
167,8,6
35,1,1
157,11,7
11,1,1
359,16,7
128,2,2
2,2,2
797,4,1
186,22,5
29,4,1
13,1,1
26,16,3
11,5,3
28,2,2
76,6,3
0,0,0
316,23,13
43,7,4
1063,34,8
2911,69,9
11,3,2
85,9,6
300,13,8
63,4,2
152,23,17
63,13,7
13,2,2
113,8,4
282,10,8
347,2,2
140,10,8
258,9,5
417,20,5
601,106,12
176,19,12
4,3,1
6444,1136,118
279,4,4
196,33,28
146,10,6
2,3,2
185,6,4
85,3,1
4,1,0
726,25,14
1333,9,6
20,6,5
381,8,6
243,10,5
5,3,2
495,14,14
888,47,8
543,25,8
20,6,3
11,4,2
3159,59,29
18,3,2
99,9,3
2,5,2
34,5,4
11,1,1
575,32,5
581,3,2
90,10,6
0,1,0
1,4,0
28,5,4
3,3,0
21,2,2
24,4,2
27,3,2
187,11,3
14,5,1
1,1,1
32,9,4
159,4,2
5,4,2
27,7,5
81056,242,50
384,10,4
726,12,10
12,13,8
566,25,9
304,16,7
43,3,3
93,11,4
108,5,3
126,12,9
13,1,1
10122,7,1
74,2,2
15,2,1
102,5,3
65,32,10
195,10,6
0,1,1
336,8,7
16,8,5
194,13,11
51,6,5
62,3,2
15,4,2
9,5,2
16,10,8
0,0,0
125,3,2
4,2,2
1410,59,28
311,57,15
18,4,2
70,8,6
39,3,2
1271,165,12
210,5,2
1,3,2
717,60,15
643,31,15
453,14,9
11,1,1
132,55,16
4765,372,51
1056,5,1
94,7,4
30,8,5
13,2,2
2,2,0
416,52,7
0,0,0
11,4,0
268,5,5
481,46,15
4224,68,26
46,13,4
31,4,3
213,4,4
48,16,7
169,12,3
806,25,15
0,3,1
19,7,3
64,4,1
3,2,0
12604,285,172
40,3,2
1105,161,22
2456,30,16
14,4,1
3659,321,68
89,7,4
362,20,3
78,2,1
318,10,7
548,20,8
234,4,3
5,10,5
471,10,9
60,2,2
17,1,1
385,16,10
96,5,2
75,4,4
143,6,6
5017,29,9
240,22,7
1201,21,13
731,33,14
303,20,13
8,9,4
10,9,3
101,2,2
7,11,4
498,9,8
261,24,16
267,11,7
65,5,4
21,3,3
13,14,6
3,3,2
312,3,2
0,0,0
959,99,31
38,2,2
180,7,2
83,6,4
2,2,0
310,19,4
220,5,5
25,1,1
114,8,5
77,12,6
23,16,7
11,3,2
120,10,3
0,1,0
12,9,8
150,26,18
287,26,17
108,9,5
75,9,6
92,11,10
11,1,1
47,8,4
293,7,5
184,11,3
5,1,1
9,1,1
75,5,4
24,4,2
1,1,0
11,7,6
122,7,6
31,2,2
794,27,4
276,20,6
860,14,13
70,4,3
61,12,5
211,6,5
46,3,2
0,0,0
1,2,0
958,39,21
1,2,1
90,16,9
158,27,8
94,2,2
0,2,1
13032,60,32
101,2,2
290,17,7
17,1,1
884,10,1
7,1,1
44,2,2
513,13,8
587,21,11
595,16,13
4,3,1
61,8,6
1666,13,5
5433,81,17
535,25,13
1131,3,2
101,11,7
725,22,10
249,30,18
9,1,1
52,8,4
461,4,2
27,10,6
9,6,3
0,0,0
5,1,1
4501,30,9
152,8,4
43,8,2
38,2,2
2011,7,3
27,5,3
361,24,11
6,5,3
2138,15,1
26,2,1
7019,108,7
611,18,8
256,21,6
10,1,1
12,6,2
2897,110,25
498,29,18
192,3,3
0,0,0
19,1,1
443,20,5
89,18,6
31,13,8
252,5,2
133,3,2
176,7,4
3513,29,26
482,17,10
0,0,0
662,192,27
18,3,1
189,6,4
11,2,2
51,6,5
12,3,1
875,137,22
75,3,2
110,20,11
62,3,3
354,35,8
1210,21,14
42,2,2
17,6,2
435,8,4
359,51,5
252,5,3
131,6,4
508,33,12
221,12,3
51,3,1
109,15,8
139,3,1
146,9,3
23,1,1
1073,107,20
120,3,3
4,4,3
155,6,5
744,21,13
61,7,2
62,18,8
265,9,7
1523,300,56
3,2,1
115,6,6
8,4,3
8,3,1
161,29,18
74,34,16
70,5,5
11,1,1
75,21,9
93,11,8
8,1,1
992,30,12
0,0,0
30,1,1
1,2,0
5833,18,2
77,12,5
216,6,5
316,50,13
141,7,4
99,6,5
1319,19,10
2720,103,11
589,42,24
17,5,2
25,8,5
1283,6,1
24,4,4
127,7,6
4,2,2
142,2,1
402,13,2
1114,82,21
5,5,2
404,36,16
103,27,11
27,8,4
165,14,6
131,2,2
300,14,6
7850,5,2
4155,7,3
2,4,2
9,2,2
143,4,3
1396,5,1
4,1,1
9,4,3
8,4,2
157,3,3
0,2,0
25,3,1
21,11,3
4,3,1
103,1,1
208,37,13
93,4,3
65,3,2
10,2,1
10,8,8
89,17,2
1145,60,17
50,3,3
200,22,17
3,3,2
51,6,1
16,4,4
30,4,3
120,30,10
558,24,10
4,2,1
378,9,7
166,8,5
721,21,17
31,2,2
25,1,1
218,14,4
11,6,2
14,2,1
263,46,14
354,8,6
12,4,2
25,5,2
57,3,2
5,5,3
10,1,1
1078,47,33
4,5,1
1459,114,38
1141,34,30
48,8,4
3380,60,9
123,8,6
546,30,17
3258,176,98
805,17,3
1121,16,10
5,4,1
43,7,6
653,9,5
658,21,7
1116,97,26
29,1,1
255,12,5
184,3,3
176,3,2
921,34,16
90,7,3
197,7,3
0,1,0
2785,106,34
51,6,4
3,2,2
91,4,1
538,5,3
63,4,3
97,9,6
12,4,1
1,1,0
1,5,2
67,9,6
492,14,13
0,1,0
5578,125,10
1432,31,10
28,4,2
45727,2404,217
54,5,3
25,3,2
176,25,9
54,2,2
89,6,5
882,22,9
25,2,2
1094,43,27
14597,1133,112
0,1,0
3,4,4
2,2,2
1231,20,8
793,21,19
118,13,6
95,8,4
619,19,11
15,13,9
0,1,0
1010,79,26
3717,3,2
1788,53,15
29,4,3
58,8,5
30,6,5
76,16,9
3,4,1
436,16,5
3838,28,20
130,8,7
3,5,1
1248,20,3
1621,15,13
1186,45,20
12,1,1
23,4,0
14,5,5
8,2,1
21,5,5
3,1,1
1669,87,21
2036,6,0
1,1,1
55,6,4
108,2,2
0,4,1
24,6,3
16,7,7
150,14,6
2,1,1
34,5,4
1,1,0
0,1,0
450,6,2
27,4,2
67,16,4
1213,229,14
9307,36,7
234,8,4
1564,26,23
1,2,1
77,3,2
216,2,2
3865,256,23
9,1,1
100,4,2
5,1,1
217,18,13
966,4,4
109,4,2
75,12,6
0,0,0
753,17,7
67,7,3
308,16,6
83,24,6
53,2,1
223,10,6
1202,46,27
6,3,1
2,4,0
64,17,9
134,13,8
881,37,9
46,2,2
144,5,4
41,12,5
1651,27,5
1434,16,8
2365,23,5
1470,4,1
84,2,2
16,7,3
177,6,5
158,10,4
2,3,1
39,7,3
169,11,5
90,4,2
278,14,5
461,20,6
986,138,14
442,10,9
308,8,7
43,8,5
8403,1172,280
37,10,6
90,13,7
867,6,6
33,3,2
12,8,5
177,11,5
0,1,0
118,7,6
906,7,1
79,6,6
0,1,0
4,2,1
79,6,5
134,35,11
6684,138,96
576,5,3
231,18,6
0,3,3
1602,44,27
5,2,2
262,4,2
2,2,2
248,10,6
16,2,2
82,32,11
90,6,5
127,9,4
84,23,6
2145,56,16
7468,199,14
15,4,2
129,4,2
576,15,7
2,1,1
1,3,0
388,12,8
1526,34,10
11,6,3
38,22,10
479,33,12
6794,209,54
73,26,17
187,11,8
45,15,7
1428,149,36
1112,86,31
45,1,1
26,5,2
571,9,4
3993,338,52
141,5,3
60,1,1
0,0,0
2224,4,2
710,92,23
10,1,1
145,36,19
96,23,10
15,1,1
67,3,3
305,24,10
0,3,1
460,29,19
7,6,4
92,9,3
8,1,1
613,32,8
26,4,2
950,32,10
18,2,2
20,11,3
22,8,7
89,1,1
1995,21,5
2,3,1
0,0,0
108,11,4
1113,10,8
279,33,10
2,2,2
51,11,8
372,19,10
3,8,1
0,0,0
15,3,2
1619,26,17
37,2,1
4,4,3
212,16,6
5,1,1
43677,72,9
106,15,3
10,3,2
71,3,2
25,15,7
554,14,4
667,22,14
3,2,1
12,17,11
159,21,10
117,3,2
251,3,2
9914,617,67
966,59,14
36,2,1
0,0,0
15,1,1
53,3,3
4,2,1
97,3,2
240,11,7
140,5,3
519,2,1
76,14,10
306,37,12
6,2,0
189,36,14
38,6,4
1,1,0
1869,60,14
309,38,8
100,5,3
1898,102,33
56,7,5
0,0,0
19,6,4
71,4,2
1584,64,12
0,0,0
237,10,5
39,5,4
206,22,9
421,3,2
54,4,3
89,12,8
84,3,2
13,1,1
6,5,0
746,26,14
450,12,4
48,4,4
43,3,2
339,68,14
28,11,11
742,13,12
0,3,0
2,3,0
201,5,2
1258,87,13
33,15,11
47,7,4
207,13,6
17,12,10
27,11,8
550,7,4
23,15,6
23,4,1
3978,297,17
333,10,8
68,10,5
5050,23,17
2,2,1
100,6,2
16,2,2
83,4,2
180,4,3
678,41,17
27508,32,3
307,37,17
2145,21,7
65,2,2
484,15,4
7353,12,2
295,9,4
598,5,2
52,8,4
991,13,3
1616,24,9
756,12,7
100,4,2
19,1,1
2,3,0
526,18,11
9,3,3
90,5,5
8503,82,16
330,22,4
1,3,2
3093,252,40
2,7,6
319,11,8
12123,134,17
319,20,7
189,13,7
0,2,2
20,8,8
8,4,2
99,8,3
17,10,4
641,12,12
64,10,5
2,4,3
167,29,21
4473,51,36
1003,13,6
1647,106,38
3,1,1
97,5,2
37,4,2
620,50,20
347,23,8
856,12,8
415,23,10
4137,16,9
66,9,7
11,5,2
21,22,11
357,11,7
2,4,3
39,4,3
8883,394,30
377,20,4
18,2,2
2966,29,18
111,19,6
50,5,3
388,3,1
76,15,11
68,7,3
3,7,1
169,6,5
1,1,0
809,66,15
0,4,0
1,3,3
227,1,1
0,4,0
524,14,11
143,7,5
1906,63,26
682,7,3
680,21,5
234,7,1
28,4,3
0,1,0
160,11,7
1009,21,4
103,2,2
1,1,1
772,82,18
655,6,1
309,18,9
329,15,7
540,9,7
79,18,10
928,107,13
81,2,2
5265,51,4
11,2,1
355,6,2
418,104,23
8,3,3
822,93,26
2834,59,27
51,2,2
3,6,3
4,2,1
75,8,2
59,11,8
701,81,14
157,13,5
439,7,4
12,2,2
2264,179,41
38,3,3
302,8,7
0,0,0
73,9,6
2,2,2
116,3,2
23,6,2
39,1,1
11,1,1
29,3,3
216,8,5
106,3,3
36,5,3
33,5,4
823,56,21
2,5,2
21,3,3
3430,18,10
269,58,21
54,6,2
95,2,2
52,29,14
1262,63,33
286,6,3
0,0,0
41,2,1
53,5,2
0,1,1
1,2,1
174,10,5
14,1,1
19,3,3
96,8,6
241,12,10
96,4,3
242,13,7
2679,262,46
1639,3,2
11,4,3
60,11,5
119,18,10
13,2,1
11,8,5
408,32,6
647,10,3
8,1,1
94,3,2
34,4,1
1398,38,15
30,1,1
88,6,3
22081,1257,93
97,3,3
0,1,0
224,27,9
42,8,8
102,4,3
107,4,2
1830,118,20
0,1,0
36,8,5
122,21,7
55,4,4
23,3,1
59,4,2
155,5,3
476,9,3
2,2,1
273,6,4
0,0,0
1,4,1
203,24,6
0,0,0
588,56,24
13,5,3
1829,13,8
406,12,6
324,86,64
15,3,3
3301,26,20
384,39,11
14107,660,132
168,13,8
1744,29,16
7,1,1
4,5,2
4244,42,22
2367,18,12
24,6,6
12369,1648,262
1186,68,11
19,2,1
0,0,0
501,3,2
3581,282,45
9,1,1
71,4,2
24,1,1
68,5,4
1,3,0
1415,205,29
35,4,4
15,7,3
16,6,3
2995,401,29
382,16,2
331,4,2
5582,28,7
355,41,32
0,1,0
53,24,8
31,1,1
18,16,9
8,2,1
0,0,0
3594,98,16
35191,1113,67
84,9,3
220,3,2
500,25,4
19,4,4
61,1,1
3,1,1
124,18,10
432,29,15
163,7,6
3570,215,59
0,0,0
274,13,8
2051,81,34
6988,325,51
332,23,13
46,4,2
5,4,1
15,6,3
790,6,5
53,4,3
16,1,1
28,2,1
455,23,13
37,4,2
2,3,1
0,0,0
18,5,4
493,20,15
80,7,5
86,6,3
1,1,0
45,17,14
554,6,2
51,2,2
401,12,8
33,1,1
4510,175,26
324,7,3
10,2,1
53,24,7
1166,46,20
133,9,6
252,10,7
6483,45,28
3305,14,8
71,5,3
655,61,18
5,3,1
6,3,1
0,1,0
117,20,6
8,10,4
1143,9,5
282,19,15
2,2,2
721,6,1
212,20,14
121,2,1
8576,99,21
52236,4113,509
17,3,1
400,8,3
343,10,7
163,5,3
48,8,6
9,4,3
35,5,2
0,0,0
909,160,24
4,7,1
63,5,5
98,5,3
293,7,5
618,18,11
107,8,3
37,4,4
3,3,1
250,15,9
401,28,22
199,26,15
2075,34,27
805,7,2
79,5,3
97,4,4
4559,117,17
642,32,19
23,11,2
27,2,1
31,6,2
51,8,5
14,2,0
68,40,25
94,8,3
30,1,1
861,3,2
3,2,0
18,10,4
13,13,7
2,2,1
681,37,15
21,2,2
20,1,1
2596,251,47
1167,14,4
6,1,1
32,11,4
0,0,0
10,10,8
2,3,2
50,2,1
214,10,6
2,8,2
1252,7,2
85,3,2
39,2,2
37,5,3
47,6,5
18,2,2
27,5,4
2026,85,11
1232,13,8
52,1,1
13607,63,17
206,12,5
187,63,13
322,34,15
0,0,0
852,14,12
2,1,1
7,6,3
359,9,8
0,0,0
422,13,9
19,14,5
42,6,1
623,26,18
6,4,1
173,7,5
0,0,0
159,4,1
1625,81,13
22,6,3
82,11,10
18,7,3
85,11,6
404,35,15
49,1,1
23,4,3
361,22,7
869,14,12
499,9,6
245,26,5
542,6,4
470,19,4
23,2,2
79,3,3
9,1,1
118,5,4
1103,5,2
97,9,3
193,3,2
3440,202,46
6,4,2
254,31,21
56,5,2
1221,4,1
2387,37,17
2217,4,2
48,6,3
133,34,5
2,4,1
7993,48,31
9,3,2
2,3,1
13,8,5
1427,109,13
386,27,8
67,8,4
34,7,2
1420,15,8
959,11,11
468,8,6
437,9,8
42,49,22
39,3,1
13,8,3
510,53,30
96,15,9
1163,5,4
153,3,3
13,5,4
38,11,7
1,1,0
787,62,27
7,9,3
5,5,2
106,15,7
1505,14,7
599,81,23
97,29,6
0,1,0
23,4,3
1,7,3
1,1,1
80,4,4
12,3,3
87,5,3
394,14,11
145,9,3
569,30,8
1,3,1
207,14,3
26,5,3
5,6,1
7,3,1
219,12,8
38,2,1
625,16,2
209,4,2
113,5,2
1394,110,27
320,2,1
469,33,16
992,42,12
324,23,13
1226,30,7
500,12,4
3954,173,22
365,6,5
4996,140,43
8741,539,40
7370,38,7
23,12,6
767,17,9
382,25,8
1486,66,10
330,15,10
168,3,2
178,5,4
2142,12,10
4181,151,59
2,2,1
2,1,1
446,12,11
131,7,2
247,19,14
110,20,10
5390,103,34
74,15,6
8,1,1
232,14,10
64,3,3
124,9,7
50,5,3
307,14,8
71,5,3
34755,2505,221
35,3,1
305,26,9
13,2,1
3257,19,8
3,2,0
3,3,3
577,12,9
0,0,0
0,0,0
84,5,3
1214,6,6
84,2,2
3,4,1
529,36,12
15,10,2
0,0,0
48,3,2
29,5,3
12,13,5
1,1,0
96,8,4
1011,4,4
392,17,11
210,44,24
14,12,7
150,13,7
211,17,5
194,10,6
167,26,16
931,11,1
250,9,3
65,4,2
677,39,12
5,4,3
116,9,6
566,6,4
327,9,5
202,5,4
74,8,6
23,4,3
175,2,2
8,6,3
198,22,15
43,7,5
1179,112,37
700,35,11
266,5,1
19,23,13
51,4,2
34,3,2
167,27,12
702,18,5
66,12,8
120,7,7
172,11,3
12,4,3
268,12,7
382,4,2
717,48,15
764,8,4
3,3,3
150,12,6
10,5,5
5,1,1
3,1,1
462,39,29
596,51,23
772,8,5
272,2,2
0,1,0
14,9,4
3,1,0
616,7,4
2283,2,1
77,4,2
553,19,5
10,1,1
92,10,9
628,26,15
1130,2,2
209,16,6
1,2,1
69,6,4
101,4,2
520,3,2
0,0,0
29,5,4
0,1,0
31,2,2
36,22,10
472,9,8
580,36,14
33,8,3
98,18,6
5,6,2
346,13,8
145,3,3
4,2,2
120,18,7
235,48,16
0,4,3
18344,1135,140
3,2,1
13,3,3
25,8,1
760,26,12
1386,17,7
41,4,2
98,4,2
1094,6,6
4,2,1
215,8,1
1341,79,16
296,26,9
1115,19,11
210,6,3
746,24,4
231,18,10
256,23,9
138,20,12
9,2,1
6489,330,33
35,3,2
0,0,0
498,2,1
224,42,23
154,11,6
160,6,4
1,1,0
2948,215,79
211,30,9
1029,23,9
49,3,1
1362,54,31
983,11,5
15,1,1
0,0,0
198,29,16
1723,66,15
130,1,1
96,14,10
18,5,3
208,4,2
2934,8,6
5480,2,2
404,18,12
5,8,6
4,2,2
4,11,6
19,4,2
153,31,5
13583,1427,144
114,7,5
10,4,3
4,3,3
889,8,4
6709,698,57
4398,122,26
20,6,4
128,5,2
69,2,2
632,36,16
4239,99,19
0,4,2
304,16,9
1080,2,1
6903,44,25
20,6,6
191,20,11
1157,149,35
162,13,12
4207,561,54
11,11,4
20,5,1
50,7,4
235,11,10
7,1,1
31,12,7
399,6,6
755,10,8
325,7,2
5,8,1
117,8,3
2,2,0
326,37,20
2,5,1
4034,26,18
49,9,4
352,44,14
0,0,0
157,12,11
119,5,4
2671,63,19
10,9,6
59,5,2
9,1,1
6,7,5
1,2,2
106,2,1
9,8,5
8,1,1
2183,13,5
896,119,15
8,2,1
2027,127,50
71,2,2
335,18,5
372,8,6
27,16,10
241,12,8
207,4,1
20,9,5
20,6,3
52,6,6
483,1,1
26,3,3
573,15,12
34,3,3
281,13,5
1109,104,15
769,122,32
3286,227,16
31,4,3
557,14,8
25,3,2
27,3,2
8,2,1
2,3,1
368,21,14
13,1,1
550,4,3
44,2,1
16,3,2
92,8,7
113,4,3
37,2,2
16,5,2
0,0,0
58,9,5
1815,34,17
588,51,11
372,4,4
9,1,1
129,15,9
919,97,21
123,4,2
204,26,9
31,2,2
57,1,1
150,4,3
219,11,4
180,20,11
5,3,3
2313,93,65
62,9,6
10,6,1
2513,71,23
293,5,2
62,8,6
29,6,3
2925,113,15
601,5,3
337,23,10
447,16,9
200,20,11
340,78,7
183,30,15
1445,28,20
30,26,10
29,7,5
2,1,1
1069,30,14
0,0,0
40,5,3
493,18,8
2852,422,66
2151,34,14
49,9,4
88,13,5
4,1,1
6,3,2
10930,857,136
111,4,4
0,0,0
14568,1314,162
20,15,7
25,4,2
48,4,2
122,8,2
9,1,1
3,2,1
4,2,1
8,7,4
5,2,1
70,6,6
34,3,2
42,5,2
48,16,6
1097,29,11
13,12,7
28,11,7
465,19,10
155,10,4
3414,417,80
220,17,5
2,2,1
0,1,0
491,9,9
23,8,5
23,3,1
286,44,18
97,5,4
5,2,1
6924,57,29
2,4,2
282,4,2
351,32,7
54,23,10
49,6,5
11353,488,56
140,9,8
58,7,5
56,4,2
112,7,5
30,11,6
170,3,1
179,20,16
224,8,6
56,3,2
12,3,1
304,22,4
8,1,1
63,16,10
4097,51,9
1348,7,2
7329,12,1
1055,24,2
1190,72,12
5668,337,77
12,2,2
9,1,1
402,15,10
448,10,3
204,7,6
87,4,3
1,1,1
31,3,3
189,9,5
19,5,1
85,6,3
13,1,1
103,8,3
140,10,6
506,22,6
223,5,5
17,2,2
15,1,1
1837,38,25
59,3,2
2697,29,15
40,19,10
6,3,1
362,2,2
621,21,7
4669,203,56
45,2,2
11,15,10
77,10,7
631,16,9
17,1,1
